--
--  Comment Meta Language for sql upgrades:
--
--  Each section within an upgrade sql file is enveloped with an #If*/#EndIf block.  At first glance, these appear to be standard mysql
--  comments meant to be cryptic hints to -other developers about the sql goodness contained therein.  However, were you to rely on such basic premises,
--  you would find yourself grossly decieved.  Indeed, without the knowledge that these comments are, in fact a sneakily embedded meta langauge derived
--  for a purpose none-other than to aid in the protection of the database during upgrades,  you would no doubt be subject to much ridicule and public
--  beratement at the hands of the very developers who envisioned such a crafty use of comments. -jwallace
--
--  While these lines are as enigmatic as they are functional, there is a method to the madness.  Let's take a moment to briefly go over proper comment meta language use.
--
--  The #If* sections have the behavior of functions and come complete with arguments supplied command-line style
--
--  Your Comment meta language lines cannot contain any other comment styles such as the nefarious double dashes "--" lest your lines be skipped and
--  the blocks automatcially executed with out regard to the existing database state.
--
--  Comment Meta Language Constructs:
--
--  #IfNotTable
--    argument: table_name
--    behavior: if the table_name does not exist,  the block will be executed

--  #IfTable
--    argument: table_name
--    behavior: if the table_name does exist, the block will be executed

--  #IfMissingColumn
--    arguments: table_name colname
--    behavior:  if the colname in the table_name table does not exist,  the block will be executed

--  #IfNotColumnType
--    arguments: table_name colname value
--    behavior:  If the table table_name does not have a column colname with a data type equal to value, then the block will be executed

--  #IfNotRow
--    arguments: table_name colname value
--    behavior:  If the table table_name does not have a row where colname = value, the block will be executed.

--  #IfNotRow2D
--    arguments: table_name colname value colname2 value2
--    behavior:  If the table table_name does not have a row where colname = value AND colname2 = value2, the block will be executed.

--  #IfNotRow2Dx2
--    desc:      This is a very specialized function to allow adding items to the list_options table to avoid both redundant option_id and title in each element.
--    arguments: table_name colname value colname2 value2 colname3 value3
--    behavior:  The block will be executed if both statements below are true:
--               1) The table table_name does not have a row where colname = value AND colname2 = value2.
--               2) The table table_name does not have a row where colname = value AND colname3 = value3.

--  #EndIf
--    all blocks are terminated with and #EndIf statement.

#IfNotTable clinical_plans
CREATE TABLE `clinical_plans` (
  `id` varchar(31) NOT NULL DEFAULT '' COMMENT 'Unique and maps to list_options list clinical_plans',
  `pid` bigint(20) NOT NULL DEFAULT '0' COMMENT '0 is default for all patients, while > 0 is id from patient_data table',
  `normal_flag` tinyint(1) COMMENT 'Normal Activation Flag',
  `cqm_flag` tinyint(1) COMMENT 'Clinical Quality Measure flag (unable to customize per patient)',
  `cqm_measure_group` varchar(10) NOT NULL default '' COMMENT 'Clinical Quality Measure Group Identifier',
  PRIMARY KEY  (`id`,`pid`)
) ENGINE=MyISAM ;
INSERT INTO `clinical_plans` ( `id`, `pid`, `normal_flag`, `cqm_flag`, `cqm_measure_group` ) VALUES ('dm_plan_cqm', 0, 0, 1, 'A');
INSERT INTO `clinical_plans` ( `id`, `pid`, `normal_flag`, `cqm_flag`, `cqm_measure_group` ) VALUES ('ckd_plan_cqm', 0, 0, 1, 'C');
INSERT INTO `clinical_plans` ( `id`, `pid`, `normal_flag`, `cqm_flag`, `cqm_measure_group` ) VALUES ('prevent_plan_cqm', 0, 0, 1, 'D');
INSERT INTO `clinical_plans` ( `id`, `pid`, `normal_flag`, `cqm_flag`, `cqm_measure_group` ) VALUES ('periop_plan_cqm', 0, 0, 1, 'E');
INSERT INTO `clinical_plans` ( `id`, `pid`, `normal_flag`, `cqm_flag`, `cqm_measure_group` ) VALUES ('rheum_arth_plan_cqm', 0, 0, 1, 'F');
INSERT INTO `clinical_plans` ( `id`, `pid`, `normal_flag`, `cqm_flag`, `cqm_measure_group` ) VALUES ('back_pain_plan_cqm', 0, 0, 1, 'G');
INSERT INTO `clinical_plans` ( `id`, `pid`, `normal_flag`, `cqm_flag`, `cqm_measure_group` ) VALUES ('cabg_plan_cqm', 0, 0, 1, 'H');
INSERT INTO `clinical_plans` ( `id`, `pid`, `normal_flag`, `cqm_flag`, `cqm_measure_group` ) VALUES ('dm_plan', 0, 1, 0, '');
INSERT INTO `clinical_plans` ( `id`, `pid`, `normal_flag`, `cqm_flag`, `cqm_measure_group` ) VALUES ('prevent_plan', 0, 1, 0, '');
#EndIf

#IfNotTable clinical_plans_rules
CREATE TABLE `clinical_plans_rules` (
  `plan_id` varchar(31) NOT NULL DEFAULT '' COMMENT 'Unique and maps to list_options list clinical_plans',
  `rule_id` varchar(31) NOT NULL DEFAULT '' COMMENT 'Unique and maps to list_options list clinical_rules',
  PRIMARY KEY  (`plan_id`,`rule_id`)
) ENGINE=MyISAM ;
INSERT INTO `clinical_plans_rules` ( `plan_id`, `rule_id` ) VALUES ('dm_plan_cqm', 'rule_dm_bp_control_cqm');
INSERT INTO `clinical_plans_rules` ( `plan_id`, `rule_id` ) VALUES ('dm_plan_cqm', 'rule_dm_eye_cqm');
INSERT INTO `clinical_plans_rules` ( `plan_id`, `rule_id` ) VALUES ('dm_plan_cqm', 'rule_dm_foot_cqm');
INSERT INTO `clinical_plans_rules` ( `plan_id`, `rule_id` ) VALUES ('prevent_plan_cqm', 'rule_influenza_ge_50_cqm');
INSERT INTO `clinical_plans_rules` ( `plan_id`, `rule_id` ) VALUES ('prevent_plan_cqm', 'rule_pneumovacc_ge_65_cqm');
INSERT INTO `clinical_plans_rules` ( `plan_id`, `rule_id` ) VALUES ('prevent_plan_cqm', 'rule_adult_wt_screen_fu_cqm');
INSERT INTO `clinical_plans_rules` ( `plan_id`, `rule_id` ) VALUES ('dm_plan', 'rule_dm_hemo_a1c');
INSERT INTO `clinical_plans_rules` ( `plan_id`, `rule_id` ) VALUES ('dm_plan', 'rule_dm_urine_alb');
INSERT INTO `clinical_plans_rules` ( `plan_id`, `rule_id` ) VALUES ('dm_plan', 'rule_dm_eye');
INSERT INTO `clinical_plans_rules` ( `plan_id`, `rule_id` ) VALUES ('dm_plan', 'rule_dm_foot');
INSERT INTO `clinical_plans_rules` ( `plan_id`, `rule_id` ) VALUES ('prevent_plan', 'rule_htn_bp_measure');
INSERT INTO `clinical_plans_rules` ( `plan_id`, `rule_id` ) VALUES ('prevent_plan', 'rule_tob_use_assess');
INSERT INTO `clinical_plans_rules` ( `plan_id`, `rule_id` ) VALUES ('prevent_plan', 'rule_tob_cess_inter');
INSERT INTO `clinical_plans_rules` ( `plan_id`, `rule_id` ) VALUES ('prevent_plan', 'rule_adult_wt_screen_fu');
INSERT INTO `clinical_plans_rules` ( `plan_id`, `rule_id` ) VALUES ('prevent_plan', 'rule_wt_assess_couns_child');
INSERT INTO `clinical_plans_rules` ( `plan_id`, `rule_id` ) VALUES ('prevent_plan', 'rule_influenza_ge_50');
INSERT INTO `clinical_plans_rules` ( `plan_id`, `rule_id` ) VALUES ('prevent_plan', 'rule_pneumovacc_ge_65');
INSERT INTO `clinical_plans_rules` ( `plan_id`, `rule_id` ) VALUES ('prevent_plan', 'rule_cs_mammo');
INSERT INTO `clinical_plans_rules` ( `plan_id`, `rule_id` ) VALUES ('prevent_plan', 'rule_cs_pap');
INSERT INTO `clinical_plans_rules` ( `plan_id`, `rule_id` ) VALUES ('prevent_plan', 'rule_cs_colon');
INSERT INTO `clinical_plans_rules` ( `plan_id`, `rule_id` ) VALUES ('prevent_plan', 'rule_cs_prostate');
#EndIf

#IfNotTable clinical_rules
CREATE TABLE `clinical_rules` (
  `id` varchar(31) NOT NULL DEFAULT '' COMMENT 'Unique and maps to list_options list clinical_rules',
  `pid` bigint(20) NOT NULL DEFAULT '0' COMMENT '0 is default for all patients, while > 0 is id from patient_data table',
  `active_alert_flag` tinyint(1) COMMENT 'Active Alert Widget Module flag - note not yet utilized',
  `passive_alert_flag` tinyint(1) COMMENT 'Passive Alert Widget Module flag',
  `cqm_flag` tinyint(1) COMMENT 'Clinical Quality Measure flag (unable to customize per patient)',
  `cqm_nqf_code` varchar(10) NOT NULL default '' COMMENT 'Clinical Quality Measure NQF identifier',
  `cqm_pqri_code` varchar(10) NOT NULL default '' COMMENT 'Clinical Quality Measure PQRI identifier',
  `amc_flag` tinyint(1) COMMENT 'Automated Measure Calculation flag (unable to customize per patient)',
  `amc_code` varchar(10) NOT NULL default '' COMMENT 'Automated Measure Calculation indentifier (MU rule)',
  `patient_reminder_flag` tinyint(1) COMMENT 'Clinical Reminder Module flag',
  PRIMARY KEY  (`id`,`pid`)
) ENGINE=MyISAM ;
INSERT INTO `clinical_rules` ( `id`, `pid`, `active_alert_flag`, `passive_alert_flag`, `cqm_flag`, `cqm_nqf_code`, `cqm_pqri_code`, `amc_flag`, `amc_code`, `patient_reminder_flag` ) VALUES ('problem_list_amc', 0, 0, 0, 0, '', '', 1, '170.302(c)', 0);
INSERT INTO `clinical_rules` ( `id`, `pid`, `active_alert_flag`, `passive_alert_flag`, `cqm_flag`, `cqm_nqf_code`, `cqm_pqri_code`, `amc_flag`, `amc_code`, `patient_reminder_flag` ) VALUES ('med_list_amc', 0, 0, 0, 0, '', '', 1, '170.302(d)', 0);
INSERT INTO `clinical_rules` ( `id`, `pid`, `active_alert_flag`, `passive_alert_flag`, `cqm_flag`, `cqm_nqf_code`, `cqm_pqri_code`, `amc_flag`, `amc_code`, `patient_reminder_flag` ) VALUES ('med_allergy_list_amc', 0, 0, 0, 0, '', '', 1, '170.302(e)', 0);
INSERT INTO `clinical_rules` ( `id`, `pid`, `active_alert_flag`, `passive_alert_flag`, `cqm_flag`, `cqm_nqf_code`, `cqm_pqri_code`, `amc_flag`, `amc_code`, `patient_reminder_flag` ) VALUES ('record_vitals_amc', 0, 0, 0, 0, '', '', 1, '170.302(f)', 0);
INSERT INTO `clinical_rules` ( `id`, `pid`, `active_alert_flag`, `passive_alert_flag`, `cqm_flag`, `cqm_nqf_code`, `cqm_pqri_code`, `amc_flag`, `amc_code`, `patient_reminder_flag` ) VALUES ('record_smoke_amc', 0, 0, 0, 0, '', '', 1, '170.302(g)', 0);
INSERT INTO `clinical_rules` ( `id`, `pid`, `active_alert_flag`, `passive_alert_flag`, `cqm_flag`, `cqm_nqf_code`, `cqm_pqri_code`, `amc_flag`, `amc_code`, `patient_reminder_flag` ) VALUES ('lab_result_amc', 0, 0, 0, 0, '', '', 1, '170.302(h)', 0);
INSERT INTO `clinical_rules` ( `id`, `pid`, `active_alert_flag`, `passive_alert_flag`, `cqm_flag`, `cqm_nqf_code`, `cqm_pqri_code`, `amc_flag`, `amc_code`, `patient_reminder_flag` ) VALUES ('med_reconc_amc', 0, 0, 0, 0, '', '', 1, '170.302(j)', 0);
INSERT INTO `clinical_rules` ( `id`, `pid`, `active_alert_flag`, `passive_alert_flag`, `cqm_flag`, `cqm_nqf_code`, `cqm_pqri_code`, `amc_flag`, `amc_code`, `patient_reminder_flag` ) VALUES ('patient_edu_amc', 0, 0, 0, 0, '', '', 1, '170.302(m)', 0);
INSERT INTO `clinical_rules` ( `id`, `pid`, `active_alert_flag`, `passive_alert_flag`, `cqm_flag`, `cqm_nqf_code`, `cqm_pqri_code`, `amc_flag`, `amc_code`, `patient_reminder_flag` ) VALUES ('cpoe_med_amc', 0, 0, 0, 0, '', '', 1, '170.304(a)', 0);
INSERT INTO `clinical_rules` ( `id`, `pid`, `active_alert_flag`, `passive_alert_flag`, `cqm_flag`, `cqm_nqf_code`, `cqm_pqri_code`, `amc_flag`, `amc_code`, `patient_reminder_flag` ) VALUES ('e_prescribe_amc', 0, 0, 0, 0, '', '', 1, '170.304(b)', 0);
INSERT INTO `clinical_rules` ( `id`, `pid`, `active_alert_flag`, `passive_alert_flag`, `cqm_flag`, `cqm_nqf_code`, `cqm_pqri_code`, `amc_flag`, `amc_code`, `patient_reminder_flag` ) VALUES ('record_dem_amc', 0, 0, 0, 0, '', '', 1, '170.304(c)', 0);
INSERT INTO `clinical_rules` ( `id`, `pid`, `active_alert_flag`, `passive_alert_flag`, `cqm_flag`, `cqm_nqf_code`, `cqm_pqri_code`, `amc_flag`, `amc_code`, `patient_reminder_flag` ) VALUES ('send_reminder_amc', 0, 0, 0, 0, '', '', 1, '170.304(d)', 0);
INSERT INTO `clinical_rules` ( `id`, `pid`, `active_alert_flag`, `passive_alert_flag`, `cqm_flag`, `cqm_nqf_code`, `cqm_pqri_code`, `amc_flag`, `amc_code`, `patient_reminder_flag` ) VALUES ('provide_rec_pat_amc', 0, 0, 0, 0, '', '', 1, '170.304(f)', 0);
INSERT INTO `clinical_rules` ( `id`, `pid`, `active_alert_flag`, `passive_alert_flag`, `cqm_flag`, `cqm_nqf_code`, `cqm_pqri_code`, `amc_flag`, `amc_code`, `patient_reminder_flag` ) VALUES ('timely_access_amc', 0, 0, 0, 0, '', '', 1, '170.304(g)', 0);
INSERT INTO `clinical_rules` ( `id`, `pid`, `active_alert_flag`, `passive_alert_flag`, `cqm_flag`, `cqm_nqf_code`, `cqm_pqri_code`, `amc_flag`, `amc_code`, `patient_reminder_flag` ) VALUES ('provide_sum_pat_amc', 0, 0, 0, 0, '', '', 1, '170.304(h)', 0);
INSERT INTO `clinical_rules` ( `id`, `pid`, `active_alert_flag`, `passive_alert_flag`, `cqm_flag`, `cqm_nqf_code`, `cqm_pqri_code`, `amc_flag`, `amc_code`, `patient_reminder_flag` ) VALUES ('send_sum_amc', 0, 0, 0, 0, '', '', 1, '170.304(i)', 0);
INSERT INTO `clinical_rules` ( `id`, `pid`, `active_alert_flag`, `passive_alert_flag`, `cqm_flag`, `cqm_nqf_code`, `cqm_pqri_code`, `amc_flag`, `amc_code`, `patient_reminder_flag` ) VALUES ('rule_htn_bp_measure_cqm', 0, 0, 0, 1, '0013', '', 0, '', 0);
INSERT INTO `clinical_rules` ( `id`, `pid`, `active_alert_flag`, `passive_alert_flag`, `cqm_flag`, `cqm_nqf_code`, `cqm_pqri_code`, `amc_flag`, `amc_code`, `patient_reminder_flag` ) VALUES ('rule_tob_use_assess_cqm', 0, 0, 0, 1, '0028a', '', 0, '', 0);
INSERT INTO `clinical_rules` ( `id`, `pid`, `active_alert_flag`, `passive_alert_flag`, `cqm_flag`, `cqm_nqf_code`, `cqm_pqri_code`, `amc_flag`, `amc_code`, `patient_reminder_flag` ) VALUES ('rule_tob_cess_inter_cqm', 0, 0, 0, 1, '0028b', '', 0, '', 0);
INSERT INTO `clinical_rules` ( `id`, `pid`, `active_alert_flag`, `passive_alert_flag`, `cqm_flag`, `cqm_nqf_code`, `cqm_pqri_code`, `amc_flag`, `amc_code`, `patient_reminder_flag` ) VALUES ('rule_adult_wt_screen_fu_cqm', 0, 0, 0, 1, '0421', '128', 0, '', 0);
INSERT INTO `clinical_rules` ( `id`, `pid`, `active_alert_flag`, `passive_alert_flag`, `cqm_flag`, `cqm_nqf_code`, `cqm_pqri_code`, `amc_flag`, `amc_code`, `patient_reminder_flag` ) VALUES ('rule_wt_assess_couns_child_cqm', 0, 0, 0, 1, '0024', '', 0, '', 0);
INSERT INTO `clinical_rules` ( `id`, `pid`, `active_alert_flag`, `passive_alert_flag`, `cqm_flag`, `cqm_nqf_code`, `cqm_pqri_code`, `amc_flag`, `amc_code`, `patient_reminder_flag` ) VALUES ('rule_influenza_ge_50_cqm', 0, 0, 0, 1, '0041', '110', 0, '', 0);
INSERT INTO `clinical_rules` ( `id`, `pid`, `active_alert_flag`, `passive_alert_flag`, `cqm_flag`, `cqm_nqf_code`, `cqm_pqri_code`, `amc_flag`, `amc_code`, `patient_reminder_flag` ) VALUES ('rule_child_immun_stat_cqm', 0, 0, 0, 1, '0038', '', 0, '', 0);
INSERT INTO `clinical_rules` ( `id`, `pid`, `active_alert_flag`, `passive_alert_flag`, `cqm_flag`, `cqm_nqf_code`, `cqm_pqri_code`, `amc_flag`, `amc_code`, `patient_reminder_flag` ) VALUES ('rule_pneumovacc_ge_65_cqm', 0, 0, 0, 1, '0043', '111', 0, '', 0);
INSERT INTO `clinical_rules` ( `id`, `pid`, `active_alert_flag`, `passive_alert_flag`, `cqm_flag`, `cqm_nqf_code`, `cqm_pqri_code`, `amc_flag`, `amc_code`, `patient_reminder_flag` ) VALUES ('rule_dm_eye_cqm', 0, 0, 0, 1, '0055', '117', 0, '', 0);
INSERT INTO `clinical_rules` ( `id`, `pid`, `active_alert_flag`, `passive_alert_flag`, `cqm_flag`, `cqm_nqf_code`, `cqm_pqri_code`, `amc_flag`, `amc_code`, `patient_reminder_flag` ) VALUES ('rule_dm_foot_cqm', 0, 0, 0, 1, '0056', '163', 0, '', 0);
INSERT INTO `clinical_rules` ( `id`, `pid`, `active_alert_flag`, `passive_alert_flag`, `cqm_flag`, `cqm_nqf_code`, `cqm_pqri_code`, `amc_flag`, `amc_code`, `patient_reminder_flag` ) VALUES ('rule_dm_bp_control_cqm', 0, 0, 0, 1, '0061', '3', 0, '', 0);
INSERT INTO `clinical_rules` ( `id`, `pid`, `active_alert_flag`, `passive_alert_flag`, `cqm_flag`, `cqm_nqf_code`, `cqm_pqri_code`, `amc_flag`, `amc_code`, `patient_reminder_flag` ) VALUES ('rule_htn_bp_measure', 0, 0, 1, 0, '', '', 0, '', 0);
INSERT INTO `clinical_rules` ( `id`, `pid`, `active_alert_flag`, `passive_alert_flag`, `cqm_flag`, `cqm_nqf_code`, `cqm_pqri_code`, `amc_flag`, `amc_code`, `patient_reminder_flag` ) VALUES ('rule_tob_use_assess', 0, 0, 1, 0, '', '', 0, '', 0);
INSERT INTO `clinical_rules` ( `id`, `pid`, `active_alert_flag`, `passive_alert_flag`, `cqm_flag`, `cqm_nqf_code`, `cqm_pqri_code`, `amc_flag`, `amc_code`, `patient_reminder_flag` ) VALUES ('rule_tob_cess_inter', 0, 0, 1, 0, '', '', 0, '', 0);
INSERT INTO `clinical_rules` ( `id`, `pid`, `active_alert_flag`, `passive_alert_flag`, `cqm_flag`, `cqm_nqf_code`, `cqm_pqri_code`, `amc_flag`, `amc_code`, `patient_reminder_flag` ) VALUES ('rule_adult_wt_screen_fu', 0, 0, 1, 0, '', '', 0, '', 0);
INSERT INTO `clinical_rules` ( `id`, `pid`, `active_alert_flag`, `passive_alert_flag`, `cqm_flag`, `cqm_nqf_code`, `cqm_pqri_code`, `amc_flag`, `amc_code`, `patient_reminder_flag` ) VALUES ('rule_wt_assess_couns_child', 0, 0, 1, 0, '', '', 0, '', 0);
INSERT INTO `clinical_rules` ( `id`, `pid`, `active_alert_flag`, `passive_alert_flag`, `cqm_flag`, `cqm_nqf_code`, `cqm_pqri_code`, `amc_flag`, `amc_code`, `patient_reminder_flag` ) VALUES ('rule_influenza_ge_50', 0, 0, 1, 0, '', '', 0, '', 0);
INSERT INTO `clinical_rules` ( `id`, `pid`, `active_alert_flag`, `passive_alert_flag`, `cqm_flag`, `cqm_nqf_code`, `cqm_pqri_code`, `amc_flag`, `amc_code`, `patient_reminder_flag` ) VALUES ('rule_pneumovacc_ge_65', 0, 0, 1, 0, '', '', 0, '', 0);
INSERT INTO `clinical_rules` ( `id`, `pid`, `active_alert_flag`, `passive_alert_flag`, `cqm_flag`, `cqm_nqf_code`, `cqm_pqri_code`, `amc_flag`, `amc_code`, `patient_reminder_flag` ) VALUES ('rule_dm_hemo_a1c', 0, 0, 1, 0, '', '', 0, '', 0);
INSERT INTO `clinical_rules` ( `id`, `pid`, `active_alert_flag`, `passive_alert_flag`, `cqm_flag`, `cqm_nqf_code`, `cqm_pqri_code`, `amc_flag`, `amc_code`, `patient_reminder_flag` ) VALUES ('rule_dm_urine_alb', 0, 0, 1, 0, '', '', 0, '', 0);
INSERT INTO `clinical_rules` ( `id`, `pid`, `active_alert_flag`, `passive_alert_flag`, `cqm_flag`, `cqm_nqf_code`, `cqm_pqri_code`, `amc_flag`, `amc_code`, `patient_reminder_flag` ) VALUES ('rule_dm_eye', 0, 0, 1, 0, '', '', 0, '', 0);
INSERT INTO `clinical_rules` ( `id`, `pid`, `active_alert_flag`, `passive_alert_flag`, `cqm_flag`, `cqm_nqf_code`, `cqm_pqri_code`, `amc_flag`, `amc_code`, `patient_reminder_flag` ) VALUES ('rule_dm_foot', 0, 0, 1, 0, '', '', 0, '', 0);
INSERT INTO `clinical_rules` ( `id`, `pid`, `active_alert_flag`, `passive_alert_flag`, `cqm_flag`, `cqm_nqf_code`, `cqm_pqri_code`, `amc_flag`, `amc_code`, `patient_reminder_flag` ) VALUES ('rule_cs_mammo', 0, 0, 1, 0, '', '', 0, '', 0);
INSERT INTO `clinical_rules` ( `id`, `pid`, `active_alert_flag`, `passive_alert_flag`, `cqm_flag`, `cqm_nqf_code`, `cqm_pqri_code`, `amc_flag`, `amc_code`, `patient_reminder_flag` ) VALUES ('rule_cs_pap', 0, 0, 1, 0, '', '', 0, '', 0);
INSERT INTO `clinical_rules` ( `id`, `pid`, `active_alert_flag`, `passive_alert_flag`, `cqm_flag`, `cqm_nqf_code`, `cqm_pqri_code`, `amc_flag`, `amc_code`, `patient_reminder_flag` ) VALUES ('rule_cs_colon', 0, 0, 1, 0, '', '', 0, '', 0);
INSERT INTO `clinical_rules` ( `id`, `pid`, `active_alert_flag`, `passive_alert_flag`, `cqm_flag`, `cqm_nqf_code`, `cqm_pqri_code`, `amc_flag`, `amc_code`, `patient_reminder_flag` ) VALUES ('rule_cs_prostate', 0, 0, 1, 0, '', '', 0, '', 0);
INSERT INTO `clinical_rules` ( `id`, `pid`, `active_alert_flag`, `passive_alert_flag`, `cqm_flag`, `cqm_nqf_code`, `cqm_pqri_code`, `amc_flag`, `amc_code`, `patient_reminder_flag` ) VALUES ('rule_inr_monitor', 0, 0, 1, 0, '', '', 0, '', 0);
#EndIf

#IfNotTable enc_category_map
CREATE TABLE `enc_category_map` (
  `rule_enc_id` varchar(31) NOT NULL DEFAULT '' COMMENT 'encounter id from rule_enc_types list in list_options',
  `main_cat_id` int(11) NOT NULL DEFAULT 0 COMMENT 'category id from event category in openemr_postcalendar_categories',
  KEY  (`rule_enc_id`,`main_cat_id`)
) ENGINE=MyISAM ;
INSERT INTO `enc_category_map` ( `rule_enc_id`, `main_cat_id` ) VALUES ('enc_outpatient', 5);
INSERT INTO `enc_category_map` ( `rule_enc_id`, `main_cat_id` ) VALUES ('enc_outpatient', 9);
INSERT INTO `enc_category_map` ( `rule_enc_id`, `main_cat_id` ) VALUES ('enc_outpatient', 10);
INSERT INTO `enc_category_map` ( `rule_enc_id`, `main_cat_id` ) VALUES ('enc_nurs_fac', 5);
INSERT INTO `enc_category_map` ( `rule_enc_id`, `main_cat_id` ) VALUES ('enc_nurs_fac', 9);
INSERT INTO `enc_category_map` ( `rule_enc_id`, `main_cat_id` ) VALUES ('enc_nurs_fac', 10);
INSERT INTO `enc_category_map` ( `rule_enc_id`, `main_cat_id` ) VALUES ('enc_off_vis', 5);
INSERT INTO `enc_category_map` ( `rule_enc_id`, `main_cat_id` ) VALUES ('enc_off_vis', 9);
INSERT INTO `enc_category_map` ( `rule_enc_id`, `main_cat_id` ) VALUES ('enc_off_vis', 10);
INSERT INTO `enc_category_map` ( `rule_enc_id`, `main_cat_id` ) VALUES ('enc_hea_and_beh', 5);
INSERT INTO `enc_category_map` ( `rule_enc_id`, `main_cat_id` ) VALUES ('enc_hea_and_beh', 9);
INSERT INTO `enc_category_map` ( `rule_enc_id`, `main_cat_id` ) VALUES ('enc_hea_and_beh', 10);
INSERT INTO `enc_category_map` ( `rule_enc_id`, `main_cat_id` ) VALUES ('enc_occ_ther', 5);
INSERT INTO `enc_category_map` ( `rule_enc_id`, `main_cat_id` ) VALUES ('enc_occ_ther', 9);
INSERT INTO `enc_category_map` ( `rule_enc_id`, `main_cat_id` ) VALUES ('enc_occ_ther', 10);
INSERT INTO `enc_category_map` ( `rule_enc_id`, `main_cat_id` ) VALUES ('enc_psych_and_psych', 5);
INSERT INTO `enc_category_map` ( `rule_enc_id`, `main_cat_id` ) VALUES ('enc_psych_and_psych', 9);
INSERT INTO `enc_category_map` ( `rule_enc_id`, `main_cat_id` ) VALUES ('enc_psych_and_psych', 10);
INSERT INTO `enc_category_map` ( `rule_enc_id`, `main_cat_id` ) VALUES ('enc_pre_med_ser_18_older', 5);
INSERT INTO `enc_category_map` ( `rule_enc_id`, `main_cat_id` ) VALUES ('enc_pre_med_ser_18_older', 9);
INSERT INTO `enc_category_map` ( `rule_enc_id`, `main_cat_id` ) VALUES ('enc_pre_med_ser_18_older', 10);
INSERT INTO `enc_category_map` ( `rule_enc_id`, `main_cat_id` ) VALUES ('enc_pre_ind_counsel', 5);
INSERT INTO `enc_category_map` ( `rule_enc_id`, `main_cat_id` ) VALUES ('enc_pre_ind_counsel', 9);
INSERT INTO `enc_category_map` ( `rule_enc_id`, `main_cat_id` ) VALUES ('enc_pre_ind_counsel', 10);
INSERT INTO `enc_category_map` ( `rule_enc_id`, `main_cat_id` ) VALUES ('enc_pre_med_group_counsel', 5);
INSERT INTO `enc_category_map` ( `rule_enc_id`, `main_cat_id` ) VALUES ('enc_pre_med_group_counsel', 9);
INSERT INTO `enc_category_map` ( `rule_enc_id`, `main_cat_id` ) VALUES ('enc_pre_med_group_counsel', 10);
INSERT INTO `enc_category_map` ( `rule_enc_id`, `main_cat_id` ) VALUES ('enc_pre_med_other_serv', 5);
INSERT INTO `enc_category_map` ( `rule_enc_id`, `main_cat_id` ) VALUES ('enc_pre_med_other_serv', 9);
INSERT INTO `enc_category_map` ( `rule_enc_id`, `main_cat_id` ) VALUES ('enc_pre_med_other_serv', 10);
INSERT INTO `enc_category_map` ( `rule_enc_id`, `main_cat_id` ) VALUES ('enc_out_pcp_obgyn', 5);
INSERT INTO `enc_category_map` ( `rule_enc_id`, `main_cat_id` ) VALUES ('enc_out_pcp_obgyn', 9);
INSERT INTO `enc_category_map` ( `rule_enc_id`, `main_cat_id` ) VALUES ('enc_out_pcp_obgyn', 10);
INSERT INTO `enc_category_map` ( `rule_enc_id`, `main_cat_id` ) VALUES ('enc_pregnancy', 5);
INSERT INTO `enc_category_map` ( `rule_enc_id`, `main_cat_id` ) VALUES ('enc_pregnancy', 9);
INSERT INTO `enc_category_map` ( `rule_enc_id`, `main_cat_id` ) VALUES ('enc_pregnancy', 10);
INSERT INTO `enc_category_map` ( `rule_enc_id`, `main_cat_id` ) VALUES ('enc_nurs_discharge', 5);
INSERT INTO `enc_category_map` ( `rule_enc_id`, `main_cat_id` ) VALUES ('enc_nurs_discharge', 9);
INSERT INTO `enc_category_map` ( `rule_enc_id`, `main_cat_id` ) VALUES ('enc_nurs_discharge', 10);
INSERT INTO `enc_category_map` ( `rule_enc_id`, `main_cat_id` ) VALUES ('enc_acute_inp_or_ed', 5);
INSERT INTO `enc_category_map` ( `rule_enc_id`, `main_cat_id` ) VALUES ('enc_acute_inp_or_ed', 9);
INSERT INTO `enc_category_map` ( `rule_enc_id`, `main_cat_id` ) VALUES ('enc_acute_inp_or_ed', 10);
INSERT INTO `enc_category_map` ( `rule_enc_id`, `main_cat_id` ) VALUES ('enc_nonac_inp_out_or_opth', 5);
INSERT INTO `enc_category_map` ( `rule_enc_id`, `main_cat_id` ) VALUES ('enc_nonac_inp_out_or_opth', 9);
INSERT INTO `enc_category_map` ( `rule_enc_id`, `main_cat_id` ) VALUES ('enc_nonac_inp_out_or_opth', 10);
#EndIf

#IfNotTable patient_reminders
CREATE TABLE `patient_reminders` (
  `id` bigint(20) NOT NULL auto_increment,
  `active` tinyint(1) NOT NULL default 1 COMMENT '1 if active and 0 if not active',
  `date_inactivated` datetime DEFAULT NULL,
  `reason_inactivated` varchar(31) NOT NULL DEFAULT '' COMMENT 'Maps to list_options list rule_reminder_inactive_opt',
  `due_status` varchar(31) NOT NULL DEFAULT '' COMMENT 'Maps to list_options list rule_reminder_due_opt',
  `pid` bigint(20) NOT NULL COMMENT 'id from patient_data table',
  `category` varchar(31) NOT NULL DEFAULT '' COMMENT 'Maps to the category item in the rule_action_item table',
  `item` varchar(31) NOT NULL DEFAULT '' COMMENT 'Maps to the item column in the rule_action_item table',
  `date_created` datetime DEFAULT NULL,
  `date_sent` datetime DEFAULT NULL,
  `voice_status` tinyint(1) NOT NULL default 0 COMMENT '0 if not sent and 1 if sent',
  `sms_status` tinyint(1) NOT NULL default 0 COMMENT '0 if not sent and 1 if sent',
  `email_status` tinyint(1) NOT NULL default 0 COMMENT '0 if not sent and 1 if sent',
  `mail_status` tinyint(1) NOT NULL default 0 COMMENT '0 if not sent and 1 if sent',
  PRIMARY KEY (`id`),
  KEY `pid` (`pid`),
  KEY (`category`,`item`)
) ENGINE=MyISAM AUTO_INCREMENT=1;
#EndIf

#IfNotTable rule_action
CREATE TABLE `rule_action` (
  `id` varchar(31) NOT NULL DEFAULT '' COMMENT 'Maps to the id column in the clinical_rules table',
  `group_id` bigint(20) NOT NULL DEFAULT 1 COMMENT 'Contains group id to identify collection of targets in a rule',
  `category` varchar(31) NOT NULL DEFAULT '' COMMENT 'Maps to the category item in the rule_action_item table',
  `item` varchar(31) NOT NULL DEFAULT '' COMMENT 'Maps to the item column in the rule_action_item table',
  KEY  (`id`)
) ENGINE=MyISAM ;
INSERT INTO `rule_action` ( `id`, `group_id`, `category`, `item` ) VALUES ('rule_htn_bp_measure', 1, 'act_cat_measure', 'act_bp');
INSERT INTO `rule_action` ( `id`, `group_id`, `category`, `item` ) VALUES ('rule_tob_use_assess', 1, 'act_cat_assess', 'act_tobacco');
INSERT INTO `rule_action` ( `id`, `group_id`, `category`, `item` ) VALUES ('rule_tob_cess_inter', 1, 'act_cat_inter', 'act_tobacco');
INSERT INTO `rule_action` ( `id`, `group_id`, `category`, `item` ) VALUES ('rule_adult_wt_screen_fu', 1, 'act_cat_measure', 'act_wt');
INSERT INTO `rule_action` ( `id`, `group_id`, `category`, `item` ) VALUES ('rule_wt_assess_couns_child', 1, 'act_cat_measure', 'act_wt');
INSERT INTO `rule_action` ( `id`, `group_id`, `category`, `item` ) VALUES ('rule_wt_assess_couns_child', 2, 'act_cat_edu', 'act_wt');
INSERT INTO `rule_action` ( `id`, `group_id`, `category`, `item` ) VALUES ('rule_influenza_ge_50', 1, 'act_cat_treat', 'act_influvacc');
INSERT INTO `rule_action` ( `id`, `group_id`, `category`, `item` ) VALUES ('rule_pneumovacc_ge_65', 1, 'act_cat_treat', 'act_pneumovacc');
INSERT INTO `rule_action` ( `id`, `group_id`, `category`, `item` ) VALUES ('rule_dm_hemo_a1c', 1, 'act_cat_measure', 'act_hemo_a1c');
INSERT INTO `rule_action` ( `id`, `group_id`, `category`, `item` ) VALUES ('rule_dm_urine_alb', 1, 'act_cat_measure', 'act_urine_alb');
INSERT INTO `rule_action` ( `id`, `group_id`, `category`, `item` ) VALUES ('rule_dm_eye', 1, 'act_cat_exam', 'act_eye');
INSERT INTO `rule_action` ( `id`, `group_id`, `category`, `item` ) VALUES ('rule_dm_foot', 1, 'act_cat_exam', 'act_foot');
INSERT INTO `rule_action` ( `id`, `group_id`, `category`, `item` ) VALUES ('rule_cs_mammo', 1, 'act_cat_measure', 'act_mammo');
INSERT INTO `rule_action` ( `id`, `group_id`, `category`, `item` ) VALUES ('rule_cs_pap', 1, 'act_cat_exam', 'act_pap');
INSERT INTO `rule_action` ( `id`, `group_id`, `category`, `item` ) VALUES ('rule_cs_colon', 1, 'act_cat_assess', 'act_colon_cancer_screen');
INSERT INTO `rule_action` ( `id`, `group_id`, `category`, `item` ) VALUES ('rule_cs_prostate', 1, 'act_cat_assess', 'act_prostate_cancer_screen');
INSERT INTO `rule_action` ( `id`, `group_id`, `category`, `item` ) VALUES ('rule_inr_monitor', 1, 'act_cat_measure', 'act_lab_inr');
#EndIf

#IfNotTable rule_action_item
CREATE TABLE `rule_action_item` (
  `category` varchar(31) NOT NULL DEFAULT '' COMMENT 'Maps to list_options list rule_action_category',
  `item` varchar(31) NOT NULL DEFAULT '' COMMENT 'Maps to list_options list rule_action',
  `clin_rem_link` varchar(255) NOT NULL DEFAULT '' COMMENT 'Custom html link in clinical reminder widget',
  `reminder_message` text  NOT NULL DEFAULT '' COMMENT 'Custom message in patient reminder',
  `custom_flag` tinyint(1) NOT NULL default 0 COMMENT '1 indexed to rule_patient_data, 0 indexed within main schema',
  PRIMARY KEY  (`category`,`item`)
) ENGINE=MyISAM ;
INSERT INTO `rule_action_item` ( `category`, `item`, `clin_rem_link`, `reminder_message`, `custom_flag` ) VALUES ('act_cat_measure', 'act_bp', '', '', 0);
INSERT INTO `rule_action_item` ( `category`, `item`, `clin_rem_link`, `reminder_message`, `custom_flag` ) VALUES ('act_cat_assess', 'act_tobacco', '', '', 0);
INSERT INTO `rule_action_item` ( `category`, `item`, `clin_rem_link`, `reminder_message`, `custom_flag` ) VALUES ('act_cat_inter', 'act_tobacco', '', '', 1);
INSERT INTO `rule_action_item` ( `category`, `item`, `clin_rem_link`, `reminder_message`, `custom_flag` ) VALUES ('act_cat_measure', 'act_wt', '', '', 0);
INSERT INTO `rule_action_item` ( `category`, `item`, `clin_rem_link`, `reminder_message`, `custom_flag` ) VALUES ('act_cat_edu', 'act_wt', '', '', 1);
INSERT INTO `rule_action_item` ( `category`, `item`, `clin_rem_link`, `reminder_message`, `custom_flag` ) VALUES ('act_cat_treat', 'act_influvacc', '', '', 0);
INSERT INTO `rule_action_item` ( `category`, `item`, `clin_rem_link`, `reminder_message`, `custom_flag` ) VALUES ('act_cat_treat', 'act_pneumovacc', '', '', 0);
INSERT INTO `rule_action_item` ( `category`, `item`, `clin_rem_link`, `reminder_message`, `custom_flag` ) VALUES ('act_cat_measure', 'act_hemo_a1c', '', '', 1);
INSERT INTO `rule_action_item` ( `category`, `item`, `clin_rem_link`, `reminder_message`, `custom_flag` ) VALUES ('act_cat_measure', 'act_urine_alb', '', '', 1);
INSERT INTO `rule_action_item` ( `category`, `item`, `clin_rem_link`, `reminder_message`, `custom_flag` ) VALUES ('act_cat_exam', 'act_eye', '', '', 1);
INSERT INTO `rule_action_item` ( `category`, `item`, `clin_rem_link`, `reminder_message`, `custom_flag` ) VALUES ('act_cat_exam', 'act_foot', '', '', 1);
INSERT INTO `rule_action_item` ( `category`, `item`, `clin_rem_link`, `reminder_message`, `custom_flag` ) VALUES ('act_cat_measure', 'act_mammo', '', '', 1);
INSERT INTO `rule_action_item` ( `category`, `item`, `clin_rem_link`, `reminder_message`, `custom_flag` ) VALUES ('act_cat_exam', 'act_pap', '', '', 1);
INSERT INTO `rule_action_item` ( `category`, `item`, `clin_rem_link`, `reminder_message`, `custom_flag` ) VALUES ('act_cat_assess', 'act_colon_cancer_screen', '', '', 1);
INSERT INTO `rule_action_item` ( `category`, `item`, `clin_rem_link`, `reminder_message`, `custom_flag` ) VALUES ('act_cat_assess', 'act_prostate_cancer_screen', '', '', 1);
INSERT INTO `rule_action_item` ( `category`, `item`, `clin_rem_link`, `reminder_message`, `custom_flag` ) VALUES ('act_cat_measure', 'act_lab_inr', '', '', 0);
#EndIf

#IfNotTable rule_filter
CREATE TABLE `rule_filter` (
  `id` varchar(31) NOT NULL DEFAULT '' COMMENT 'Maps to the id column in the clinical_rules table',
  `include_flag` tinyint(1) NOT NULL default 0 COMMENT '0 is exclude and 1 is include',
  `required_flag` tinyint(1) NOT NULL default 0 COMMENT '0 is required and 1 is optional',
  `method` varchar(31) NOT NULL DEFAULT '' COMMENT 'Maps to list_options list rule_filters',
  `method_detail` varchar(31) NOT NULL DEFAULT '' COMMENT 'Maps to list_options lists rule__intervals',
  `value` varchar(255) NOT NULL DEFAULT '',
  KEY  (`id`)
) ENGINE=MyISAM ;
INSERT INTO `rule_filter` ( `id`, `include_flag`, `required_flag`, `method`, `method_detail`, `value` ) VALUES ('rule_htn_bp_measure', 1, 0, 'filt_lists', 'medical_problem', 'CUSTOM::HTN');
INSERT INTO `rule_filter` ( `id`, `include_flag`, `required_flag`, `method`, `method_detail`, `value` ) VALUES ('rule_htn_bp_measure', 1, 0, 'filt_lists', 'medical_problem', 'ICD9::401.0');
INSERT INTO `rule_filter` ( `id`, `include_flag`, `required_flag`, `method`, `method_detail`, `value` ) VALUES ('rule_htn_bp_measure', 1, 0, 'filt_lists', 'medical_problem', 'ICD9::401.1');
INSERT INTO `rule_filter` ( `id`, `include_flag`, `required_flag`, `method`, `method_detail`, `value` ) VALUES ('rule_htn_bp_measure', 1, 0, 'filt_lists', 'medical_problem', 'ICD9::401.9');
INSERT INTO `rule_filter` ( `id`, `include_flag`, `required_flag`, `method`, `method_detail`, `value` ) VALUES ('rule_htn_bp_measure', 1, 0, 'filt_lists', 'medical_problem', 'ICD9::402.00');
INSERT INTO `rule_filter` ( `id`, `include_flag`, `required_flag`, `method`, `method_detail`, `value` ) VALUES ('rule_htn_bp_measure', 1, 0, 'filt_lists', 'medical_problem', 'ICD9::402.01');
INSERT INTO `rule_filter` ( `id`, `include_flag`, `required_flag`, `method`, `method_detail`, `value` ) VALUES ('rule_htn_bp_measure', 1, 0, 'filt_lists', 'medical_problem', 'ICD9::402.10');
INSERT INTO `rule_filter` ( `id`, `include_flag`, `required_flag`, `method`, `method_detail`, `value` ) VALUES ('rule_htn_bp_measure', 1, 0, 'filt_lists', 'medical_problem', 'ICD9::402.11');
INSERT INTO `rule_filter` ( `id`, `include_flag`, `required_flag`, `method`, `method_detail`, `value` ) VALUES ('rule_htn_bp_measure', 1, 0, 'filt_lists', 'medical_problem', 'ICD9::402.90');
INSERT INTO `rule_filter` ( `id`, `include_flag`, `required_flag`, `method`, `method_detail`, `value` ) VALUES ('rule_htn_bp_measure', 1, 0, 'filt_lists', 'medical_problem', 'ICD9::402.91');
INSERT INTO `rule_filter` ( `id`, `include_flag`, `required_flag`, `method`, `method_detail`, `value` ) VALUES ('rule_htn_bp_measure', 1, 0, 'filt_lists', 'medical_problem', 'ICD9::403.00');
INSERT INTO `rule_filter` ( `id`, `include_flag`, `required_flag`, `method`, `method_detail`, `value` ) VALUES ('rule_htn_bp_measure', 1, 0, 'filt_lists', 'medical_problem', 'ICD9::403.01');
INSERT INTO `rule_filter` ( `id`, `include_flag`, `required_flag`, `method`, `method_detail`, `value` ) VALUES ('rule_htn_bp_measure', 1, 0, 'filt_lists', 'medical_problem', 'ICD9::403.10');
INSERT INTO `rule_filter` ( `id`, `include_flag`, `required_flag`, `method`, `method_detail`, `value` ) VALUES ('rule_htn_bp_measure', 1, 0, 'filt_lists', 'medical_problem', 'ICD9::403.11');
INSERT INTO `rule_filter` ( `id`, `include_flag`, `required_flag`, `method`, `method_detail`, `value` ) VALUES ('rule_htn_bp_measure', 1, 0, 'filt_lists', 'medical_problem', 'ICD9::403.90');
INSERT INTO `rule_filter` ( `id`, `include_flag`, `required_flag`, `method`, `method_detail`, `value` ) VALUES ('rule_htn_bp_measure', 1, 0, 'filt_lists', 'medical_problem', 'ICD9::403.91');
INSERT INTO `rule_filter` ( `id`, `include_flag`, `required_flag`, `method`, `method_detail`, `value` ) VALUES ('rule_htn_bp_measure', 1, 0, 'filt_lists', 'medical_problem', 'ICD9::404.00');
INSERT INTO `rule_filter` ( `id`, `include_flag`, `required_flag`, `method`, `method_detail`, `value` ) VALUES ('rule_htn_bp_measure', 1, 0, 'filt_lists', 'medical_problem', 'ICD9::404.01');
INSERT INTO `rule_filter` ( `id`, `include_flag`, `required_flag`, `method`, `method_detail`, `value` ) VALUES ('rule_htn_bp_measure', 1, 0, 'filt_lists', 'medical_problem', 'ICD9::404.02');
INSERT INTO `rule_filter` ( `id`, `include_flag`, `required_flag`, `method`, `method_detail`, `value` ) VALUES ('rule_htn_bp_measure', 1, 0, 'filt_lists', 'medical_problem', 'ICD9::404.03');
INSERT INTO `rule_filter` ( `id`, `include_flag`, `required_flag`, `method`, `method_detail`, `value` ) VALUES ('rule_htn_bp_measure', 1, 0, 'filt_lists', 'medical_problem', 'ICD9::404.10');
INSERT INTO `rule_filter` ( `id`, `include_flag`, `required_flag`, `method`, `method_detail`, `value` ) VALUES ('rule_htn_bp_measure', 1, 0, 'filt_lists', 'medical_problem', 'ICD9::404.11');
INSERT INTO `rule_filter` ( `id`, `include_flag`, `required_flag`, `method`, `method_detail`, `value` ) VALUES ('rule_htn_bp_measure', 1, 0, 'filt_lists', 'medical_problem', 'ICD9::404.12');
INSERT INTO `rule_filter` ( `id`, `include_flag`, `required_flag`, `method`, `method_detail`, `value` ) VALUES ('rule_htn_bp_measure', 1, 0, 'filt_lists', 'medical_problem', 'ICD9::404.13');
INSERT INTO `rule_filter` ( `id`, `include_flag`, `required_flag`, `method`, `method_detail`, `value` ) VALUES ('rule_htn_bp_measure', 1, 0, 'filt_lists', 'medical_problem', 'ICD9::404.90');
INSERT INTO `rule_filter` ( `id`, `include_flag`, `required_flag`, `method`, `method_detail`, `value` ) VALUES ('rule_htn_bp_measure', 1, 0, 'filt_lists', 'medical_problem', 'ICD9::404.91');
INSERT INTO `rule_filter` ( `id`, `include_flag`, `required_flag`, `method`, `method_detail`, `value` ) VALUES ('rule_htn_bp_measure', 1, 0, 'filt_lists', 'medical_problem', 'ICD9::404.92');
INSERT INTO `rule_filter` ( `id`, `include_flag`, `required_flag`, `method`, `method_detail`, `value` ) VALUES ('rule_htn_bp_measure', 1, 0, 'filt_lists', 'medical_problem', 'ICD9::404.93');
INSERT INTO `rule_filter` ( `id`, `include_flag`, `required_flag`, `method`, `method_detail`, `value` ) VALUES ('rule_tob_cess_inter', 1, 1, 'filt_database', '', 'LIFESTYLE::tobacco::current');
INSERT INTO `rule_filter` ( `id`, `include_flag`, `required_flag`, `method`, `method_detail`, `value` ) VALUES ('rule_wt_assess_couns_child', 1, 1, 'filt_age_max', 'year', '18');
INSERT INTO `rule_filter` ( `id`, `include_flag`, `required_flag`, `method`, `method_detail`, `value` ) VALUES ('rule_influenza_ge_50', 1, 1, 'filt_age_min', 'year', '50');
INSERT INTO `rule_filter` ( `id`, `include_flag`, `required_flag`, `method`, `method_detail`, `value` ) VALUES ('rule_pneumovacc_ge_65', 1, 1, 'filt_age_min', 'year', '65');
INSERT INTO `rule_filter` ( `id`, `include_flag`, `required_flag`, `method`, `method_detail`, `value` ) VALUES ('rule_dm_hemo_a1c', 1, 0, 'filt_lists', 'medical_problem', 'CUSTOM::diabetes');
INSERT INTO `rule_filter` ( `id`, `include_flag`, `required_flag`, `method`, `method_detail`, `value` ) VALUES ('rule_dm_hemo_a1c', 1, 0, 'filt_lists', 'medical_problem', 'ICD9::250');
INSERT INTO `rule_filter` ( `id`, `include_flag`, `required_flag`, `method`, `method_detail`, `value` ) VALUES ('rule_dm_hemo_a1c', 1, 0, 'filt_lists', 'medical_problem', 'ICD9::250.0');
INSERT INTO `rule_filter` ( `id`, `include_flag`, `required_flag`, `method`, `method_detail`, `value` ) VALUES ('rule_dm_hemo_a1c', 1, 0, 'filt_lists', 'medical_problem', 'ICD9::250.00');
INSERT INTO `rule_filter` ( `id`, `include_flag`, `required_flag`, `method`, `method_detail`, `value` ) VALUES ('rule_dm_hemo_a1c', 1, 0, 'filt_lists', 'medical_problem', 'ICD9::250.01');
INSERT INTO `rule_filter` ( `id`, `include_flag`, `required_flag`, `method`, `method_detail`, `value` ) VALUES ('rule_dm_hemo_a1c', 1, 0, 'filt_lists', 'medical_problem', 'ICD9::250.02');
INSERT INTO `rule_filter` ( `id`, `include_flag`, `required_flag`, `method`, `method_detail`, `value` ) VALUES ('rule_dm_hemo_a1c', 1, 0, 'filt_lists', 'medical_problem', 'ICD9::250.03');
INSERT INTO `rule_filter` ( `id`, `include_flag`, `required_flag`, `method`, `method_detail`, `value` ) VALUES ('rule_dm_hemo_a1c', 1, 0, 'filt_lists', 'medical_problem', 'ICD9::250.10');
INSERT INTO `rule_filter` ( `id`, `include_flag`, `required_flag`, `method`, `method_detail`, `value` ) VALUES ('rule_dm_hemo_a1c', 1, 0, 'filt_lists', 'medical_problem', 'ICD9::250.11');
INSERT INTO `rule_filter` ( `id`, `include_flag`, `required_flag`, `method`, `method_detail`, `value` ) VALUES ('rule_dm_hemo_a1c', 1, 0, 'filt_lists', 'medical_problem', 'ICD9::250.12');
INSERT INTO `rule_filter` ( `id`, `include_flag`, `required_flag`, `method`, `method_detail`, `value` ) VALUES ('rule_dm_hemo_a1c', 1, 0, 'filt_lists', 'medical_problem', 'ICD9::250.13');
INSERT INTO `rule_filter` ( `id`, `include_flag`, `required_flag`, `method`, `method_detail`, `value` ) VALUES ('rule_dm_hemo_a1c', 1, 0, 'filt_lists', 'medical_problem', 'ICD9::250.20');
INSERT INTO `rule_filter` ( `id`, `include_flag`, `required_flag`, `method`, `method_detail`, `value` ) VALUES ('rule_dm_hemo_a1c', 1, 0, 'filt_lists', 'medical_problem', 'ICD9::250.21');
INSERT INTO `rule_filter` ( `id`, `include_flag`, `required_flag`, `method`, `method_detail`, `value` ) VALUES ('rule_dm_hemo_a1c', 1, 0, 'filt_lists', 'medical_problem', 'ICD9::250.22');
INSERT INTO `rule_filter` ( `id`, `include_flag`, `required_flag`, `method`, `method_detail`, `value` ) VALUES ('rule_dm_hemo_a1c', 1, 0, 'filt_lists', 'medical_problem', 'ICD9::250.23');
INSERT INTO `rule_filter` ( `id`, `include_flag`, `required_flag`, `method`, `method_detail`, `value` ) VALUES ('rule_dm_hemo_a1c', 1, 0, 'filt_lists', 'medical_problem', 'ICD9::250.30');
INSERT INTO `rule_filter` ( `id`, `include_flag`, `required_flag`, `method`, `method_detail`, `value` ) VALUES ('rule_dm_hemo_a1c', 1, 0, 'filt_lists', 'medical_problem', 'ICD9::250.31');
INSERT INTO `rule_filter` ( `id`, `include_flag`, `required_flag`, `method`, `method_detail`, `value` ) VALUES ('rule_dm_hemo_a1c', 1, 0, 'filt_lists', 'medical_problem', 'ICD9::250.32');
INSERT INTO `rule_filter` ( `id`, `include_flag`, `required_flag`, `method`, `method_detail`, `value` ) VALUES ('rule_dm_hemo_a1c', 1, 0, 'filt_lists', 'medical_problem', 'ICD9::250.33');
INSERT INTO `rule_filter` ( `id`, `include_flag`, `required_flag`, `method`, `method_detail`, `value` ) VALUES ('rule_dm_hemo_a1c', 1, 0, 'filt_lists', 'medical_problem', 'ICD9::250.4');
INSERT INTO `rule_filter` ( `id`, `include_flag`, `required_flag`, `method`, `method_detail`, `value` ) VALUES ('rule_dm_hemo_a1c', 1, 0, 'filt_lists', 'medical_problem', 'ICD9::250.40');
INSERT INTO `rule_filter` ( `id`, `include_flag`, `required_flag`, `method`, `method_detail`, `value` ) VALUES ('rule_dm_hemo_a1c', 1, 0, 'filt_lists', 'medical_problem', 'ICD9::250.41');
INSERT INTO `rule_filter` ( `id`, `include_flag`, `required_flag`, `method`, `method_detail`, `value` ) VALUES ('rule_dm_hemo_a1c', 1, 0, 'filt_lists', 'medical_problem', 'ICD9::250.42');
INSERT INTO `rule_filter` ( `id`, `include_flag`, `required_flag`, `method`, `method_detail`, `value` ) VALUES ('rule_dm_hemo_a1c', 1, 0, 'filt_lists', 'medical_problem', 'ICD9::250.43');
INSERT INTO `rule_filter` ( `id`, `include_flag`, `required_flag`, `method`, `method_detail`, `value` ) VALUES ('rule_dm_hemo_a1c', 1, 0, 'filt_lists', 'medical_problem', 'ICD9::250.50');
INSERT INTO `rule_filter` ( `id`, `include_flag`, `required_flag`, `method`, `method_detail`, `value` ) VALUES ('rule_dm_hemo_a1c', 1, 0, 'filt_lists', 'medical_problem', 'ICD9::250.51');
INSERT INTO `rule_filter` ( `id`, `include_flag`, `required_flag`, `method`, `method_detail`, `value` ) VALUES ('rule_dm_hemo_a1c', 1, 0, 'filt_lists', 'medical_problem', 'ICD9::250.52');
INSERT INTO `rule_filter` ( `id`, `include_flag`, `required_flag`, `method`, `method_detail`, `value` ) VALUES ('rule_dm_hemo_a1c', 1, 0, 'filt_lists', 'medical_problem', 'ICD9::250.53');
INSERT INTO `rule_filter` ( `id`, `include_flag`, `required_flag`, `method`, `method_detail`, `value` ) VALUES ('rule_dm_hemo_a1c', 1, 0, 'filt_lists', 'medical_problem', 'ICD9::250.60');
INSERT INTO `rule_filter` ( `id`, `include_flag`, `required_flag`, `method`, `method_detail`, `value` ) VALUES ('rule_dm_hemo_a1c', 1, 0, 'filt_lists', 'medical_problem', 'ICD9::250.61');
INSERT INTO `rule_filter` ( `id`, `include_flag`, `required_flag`, `method`, `method_detail`, `value` ) VALUES ('rule_dm_hemo_a1c', 1, 0, 'filt_lists', 'medical_problem', 'ICD9::250.62');
INSERT INTO `rule_filter` ( `id`, `include_flag`, `required_flag`, `method`, `method_detail`, `value` ) VALUES ('rule_dm_hemo_a1c', 1, 0, 'filt_lists', 'medical_problem', 'ICD9::250.63');
INSERT INTO `rule_filter` ( `id`, `include_flag`, `required_flag`, `method`, `method_detail`, `value` ) VALUES ('rule_dm_hemo_a1c', 1, 0, 'filt_lists', 'medical_problem', 'ICD9::250.7');
INSERT INTO `rule_filter` ( `id`, `include_flag`, `required_flag`, `method`, `method_detail`, `value` ) VALUES ('rule_dm_hemo_a1c', 1, 0, 'filt_lists', 'medical_problem', 'ICD9::250.70');
INSERT INTO `rule_filter` ( `id`, `include_flag`, `required_flag`, `method`, `method_detail`, `value` ) VALUES ('rule_dm_hemo_a1c', 1, 0, 'filt_lists', 'medical_problem', 'ICD9::250.71');
INSERT INTO `rule_filter` ( `id`, `include_flag`, `required_flag`, `method`, `method_detail`, `value` ) VALUES ('rule_dm_hemo_a1c', 1, 0, 'filt_lists', 'medical_problem', 'ICD9::250.72');
INSERT INTO `rule_filter` ( `id`, `include_flag`, `required_flag`, `method`, `method_detail`, `value` ) VALUES ('rule_dm_hemo_a1c', 1, 0, 'filt_lists', 'medical_problem', 'ICD9::250.73');
INSERT INTO `rule_filter` ( `id`, `include_flag`, `required_flag`, `method`, `method_detail`, `value` ) VALUES ('rule_dm_hemo_a1c', 1, 0, 'filt_lists', 'medical_problem', 'ICD9::250.80');
INSERT INTO `rule_filter` ( `id`, `include_flag`, `required_flag`, `method`, `method_detail`, `value` ) VALUES ('rule_dm_hemo_a1c', 1, 0, 'filt_lists', 'medical_problem', 'ICD9::250.81');
INSERT INTO `rule_filter` ( `id`, `include_flag`, `required_flag`, `method`, `method_detail`, `value` ) VALUES ('rule_dm_hemo_a1c', 1, 0, 'filt_lists', 'medical_problem', 'ICD9::250.82');
INSERT INTO `rule_filter` ( `id`, `include_flag`, `required_flag`, `method`, `method_detail`, `value` ) VALUES ('rule_dm_hemo_a1c', 1, 0, 'filt_lists', 'medical_problem', 'ICD9::250.83');
INSERT INTO `rule_filter` ( `id`, `include_flag`, `required_flag`, `method`, `method_detail`, `value` ) VALUES ('rule_dm_hemo_a1c', 1, 0, 'filt_lists', 'medical_problem', 'ICD9::250.9');
INSERT INTO `rule_filter` ( `id`, `include_flag`, `required_flag`, `method`, `method_detail`, `value` ) VALUES ('rule_dm_hemo_a1c', 1, 0, 'filt_lists', 'medical_problem', 'ICD9::250.90');
INSERT INTO `rule_filter` ( `id`, `include_flag`, `required_flag`, `method`, `method_detail`, `value` ) VALUES ('rule_dm_hemo_a1c', 1, 0, 'filt_lists', 'medical_problem', 'ICD9::250.91');
INSERT INTO `rule_filter` ( `id`, `include_flag`, `required_flag`, `method`, `method_detail`, `value` ) VALUES ('rule_dm_hemo_a1c', 1, 0, 'filt_lists', 'medical_problem', 'ICD9::250.92');
INSERT INTO `rule_filter` ( `id`, `include_flag`, `required_flag`, `method`, `method_detail`, `value` ) VALUES ('rule_dm_hemo_a1c', 1, 0, 'filt_lists', 'medical_problem', 'ICD9::250.93');
INSERT INTO `rule_filter` ( `id`, `include_flag`, `required_flag`, `method`, `method_detail`, `value` ) VALUES ('rule_dm_hemo_a1c', 1, 0, 'filt_lists', 'medical_problem', 'ICD9::357.2');
INSERT INTO `rule_filter` ( `id`, `include_flag`, `required_flag`, `method`, `method_detail`, `value` ) VALUES ('rule_dm_hemo_a1c', 1, 0, 'filt_lists', 'medical_problem', 'ICD9::362.0');
INSERT INTO `rule_filter` ( `id`, `include_flag`, `required_flag`, `method`, `method_detail`, `value` ) VALUES ('rule_dm_hemo_a1c', 1, 0, 'filt_lists', 'medical_problem', 'ICD9::362.01');
INSERT INTO `rule_filter` ( `id`, `include_flag`, `required_flag`, `method`, `method_detail`, `value` ) VALUES ('rule_dm_hemo_a1c', 1, 0, 'filt_lists', 'medical_problem', 'ICD9::362.02');
INSERT INTO `rule_filter` ( `id`, `include_flag`, `required_flag`, `method`, `method_detail`, `value` ) VALUES ('rule_dm_hemo_a1c', 1, 0, 'filt_lists', 'medical_problem', 'ICD9::362.03');
INSERT INTO `rule_filter` ( `id`, `include_flag`, `required_flag`, `method`, `method_detail`, `value` ) VALUES ('rule_dm_hemo_a1c', 1, 0, 'filt_lists', 'medical_problem', 'ICD9::362.04');
INSERT INTO `rule_filter` ( `id`, `include_flag`, `required_flag`, `method`, `method_detail`, `value` ) VALUES ('rule_dm_hemo_a1c', 1, 0, 'filt_lists', 'medical_problem', 'ICD9::362.05');
INSERT INTO `rule_filter` ( `id`, `include_flag`, `required_flag`, `method`, `method_detail`, `value` ) VALUES ('rule_dm_hemo_a1c', 1, 0, 'filt_lists', 'medical_problem', 'ICD9::362.06');
INSERT INTO `rule_filter` ( `id`, `include_flag`, `required_flag`, `method`, `method_detail`, `value` ) VALUES ('rule_dm_hemo_a1c', 1, 0, 'filt_lists', 'medical_problem', 'ICD9::366.41');
INSERT INTO `rule_filter` ( `id`, `include_flag`, `required_flag`, `method`, `method_detail`, `value` ) VALUES ('rule_dm_hemo_a1c', 1, 0, 'filt_lists', 'medical_problem', 'ICD9::648.0');
INSERT INTO `rule_filter` ( `id`, `include_flag`, `required_flag`, `method`, `method_detail`, `value` ) VALUES ('rule_dm_hemo_a1c', 1, 0, 'filt_lists', 'medical_problem', 'ICD9::648.00');
INSERT INTO `rule_filter` ( `id`, `include_flag`, `required_flag`, `method`, `method_detail`, `value` ) VALUES ('rule_dm_hemo_a1c', 1, 0, 'filt_lists', 'medical_problem', 'ICD9::648.01');
INSERT INTO `rule_filter` ( `id`, `include_flag`, `required_flag`, `method`, `method_detail`, `value` ) VALUES ('rule_dm_hemo_a1c', 1, 0, 'filt_lists', 'medical_problem', 'ICD9::648.02');
INSERT INTO `rule_filter` ( `id`, `include_flag`, `required_flag`, `method`, `method_detail`, `value` ) VALUES ('rule_dm_hemo_a1c', 1, 0, 'filt_lists', 'medical_problem', 'ICD9::648.03');
INSERT INTO `rule_filter` ( `id`, `include_flag`, `required_flag`, `method`, `method_detail`, `value` ) VALUES ('rule_dm_hemo_a1c', 1, 0, 'filt_lists', 'medical_problem', 'ICD9::648.04');
INSERT INTO `rule_filter` ( `id`, `include_flag`, `required_flag`, `method`, `method_detail`, `value` ) VALUES ('rule_dm_urine_alb', 1, 0, 'filt_lists', 'medical_problem', 'CUSTOM::diabetes');
INSERT INTO `rule_filter` ( `id`, `include_flag`, `required_flag`, `method`, `method_detail`, `value` ) VALUES ('rule_dm_urine_alb', 1, 0, 'filt_lists', 'medical_problem', 'ICD9::250');
INSERT INTO `rule_filter` ( `id`, `include_flag`, `required_flag`, `method`, `method_detail`, `value` ) VALUES ('rule_dm_urine_alb', 1, 0, 'filt_lists', 'medical_problem', 'ICD9::250.0');
INSERT INTO `rule_filter` ( `id`, `include_flag`, `required_flag`, `method`, `method_detail`, `value` ) VALUES ('rule_dm_urine_alb', 1, 0, 'filt_lists', 'medical_problem', 'ICD9::250.00');
INSERT INTO `rule_filter` ( `id`, `include_flag`, `required_flag`, `method`, `method_detail`, `value` ) VALUES ('rule_dm_urine_alb', 1, 0, 'filt_lists', 'medical_problem', 'ICD9::250.01');
INSERT INTO `rule_filter` ( `id`, `include_flag`, `required_flag`, `method`, `method_detail`, `value` ) VALUES ('rule_dm_urine_alb', 1, 0, 'filt_lists', 'medical_problem', 'ICD9::250.02');
INSERT INTO `rule_filter` ( `id`, `include_flag`, `required_flag`, `method`, `method_detail`, `value` ) VALUES ('rule_dm_urine_alb', 1, 0, 'filt_lists', 'medical_problem', 'ICD9::250.03');
INSERT INTO `rule_filter` ( `id`, `include_flag`, `required_flag`, `method`, `method_detail`, `value` ) VALUES ('rule_dm_urine_alb', 1, 0, 'filt_lists', 'medical_problem', 'ICD9::250.10');
INSERT INTO `rule_filter` ( `id`, `include_flag`, `required_flag`, `method`, `method_detail`, `value` ) VALUES ('rule_dm_urine_alb', 1, 0, 'filt_lists', 'medical_problem', 'ICD9::250.11');
INSERT INTO `rule_filter` ( `id`, `include_flag`, `required_flag`, `method`, `method_detail`, `value` ) VALUES ('rule_dm_urine_alb', 1, 0, 'filt_lists', 'medical_problem', 'ICD9::250.12');
INSERT INTO `rule_filter` ( `id`, `include_flag`, `required_flag`, `method`, `method_detail`, `value` ) VALUES ('rule_dm_urine_alb', 1, 0, 'filt_lists', 'medical_problem', 'ICD9::250.13');
INSERT INTO `rule_filter` ( `id`, `include_flag`, `required_flag`, `method`, `method_detail`, `value` ) VALUES ('rule_dm_urine_alb', 1, 0, 'filt_lists', 'medical_problem', 'ICD9::250.20');
INSERT INTO `rule_filter` ( `id`, `include_flag`, `required_flag`, `method`, `method_detail`, `value` ) VALUES ('rule_dm_urine_alb', 1, 0, 'filt_lists', 'medical_problem', 'ICD9::250.21');
INSERT INTO `rule_filter` ( `id`, `include_flag`, `required_flag`, `method`, `method_detail`, `value` ) VALUES ('rule_dm_urine_alb', 1, 0, 'filt_lists', 'medical_problem', 'ICD9::250.22');
INSERT INTO `rule_filter` ( `id`, `include_flag`, `required_flag`, `method`, `method_detail`, `value` ) VALUES ('rule_dm_urine_alb', 1, 0, 'filt_lists', 'medical_problem', 'ICD9::250.23');
INSERT INTO `rule_filter` ( `id`, `include_flag`, `required_flag`, `method`, `method_detail`, `value` ) VALUES ('rule_dm_urine_alb', 1, 0, 'filt_lists', 'medical_problem', 'ICD9::250.30');
INSERT INTO `rule_filter` ( `id`, `include_flag`, `required_flag`, `method`, `method_detail`, `value` ) VALUES ('rule_dm_urine_alb', 1, 0, 'filt_lists', 'medical_problem', 'ICD9::250.31');
INSERT INTO `rule_filter` ( `id`, `include_flag`, `required_flag`, `method`, `method_detail`, `value` ) VALUES ('rule_dm_urine_alb', 1, 0, 'filt_lists', 'medical_problem', 'ICD9::250.32');
INSERT INTO `rule_filter` ( `id`, `include_flag`, `required_flag`, `method`, `method_detail`, `value` ) VALUES ('rule_dm_urine_alb', 1, 0, 'filt_lists', 'medical_problem', 'ICD9::250.33');
INSERT INTO `rule_filter` ( `id`, `include_flag`, `required_flag`, `method`, `method_detail`, `value` ) VALUES ('rule_dm_urine_alb', 1, 0, 'filt_lists', 'medical_problem', 'ICD9::250.4');
INSERT INTO `rule_filter` ( `id`, `include_flag`, `required_flag`, `method`, `method_detail`, `value` ) VALUES ('rule_dm_urine_alb', 1, 0, 'filt_lists', 'medical_problem', 'ICD9::250.40');
INSERT INTO `rule_filter` ( `id`, `include_flag`, `required_flag`, `method`, `method_detail`, `value` ) VALUES ('rule_dm_urine_alb', 1, 0, 'filt_lists', 'medical_problem', 'ICD9::250.41');
INSERT INTO `rule_filter` ( `id`, `include_flag`, `required_flag`, `method`, `method_detail`, `value` ) VALUES ('rule_dm_urine_alb', 1, 0, 'filt_lists', 'medical_problem', 'ICD9::250.42');
INSERT INTO `rule_filter` ( `id`, `include_flag`, `required_flag`, `method`, `method_detail`, `value` ) VALUES ('rule_dm_urine_alb', 1, 0, 'filt_lists', 'medical_problem', 'ICD9::250.43');
INSERT INTO `rule_filter` ( `id`, `include_flag`, `required_flag`, `method`, `method_detail`, `value` ) VALUES ('rule_dm_urine_alb', 1, 0, 'filt_lists', 'medical_problem', 'ICD9::250.50');
INSERT INTO `rule_filter` ( `id`, `include_flag`, `required_flag`, `method`, `method_detail`, `value` ) VALUES ('rule_dm_urine_alb', 1, 0, 'filt_lists', 'medical_problem', 'ICD9::250.51');
INSERT INTO `rule_filter` ( `id`, `include_flag`, `required_flag`, `method`, `method_detail`, `value` ) VALUES ('rule_dm_urine_alb', 1, 0, 'filt_lists', 'medical_problem', 'ICD9::250.52');
INSERT INTO `rule_filter` ( `id`, `include_flag`, `required_flag`, `method`, `method_detail`, `value` ) VALUES ('rule_dm_urine_alb', 1, 0, 'filt_lists', 'medical_problem', 'ICD9::250.53');
INSERT INTO `rule_filter` ( `id`, `include_flag`, `required_flag`, `method`, `method_detail`, `value` ) VALUES ('rule_dm_urine_alb', 1, 0, 'filt_lists', 'medical_problem', 'ICD9::250.60');
INSERT INTO `rule_filter` ( `id`, `include_flag`, `required_flag`, `method`, `method_detail`, `value` ) VALUES ('rule_dm_urine_alb', 1, 0, 'filt_lists', 'medical_problem', 'ICD9::250.61');
INSERT INTO `rule_filter` ( `id`, `include_flag`, `required_flag`, `method`, `method_detail`, `value` ) VALUES ('rule_dm_urine_alb', 1, 0, 'filt_lists', 'medical_problem', 'ICD9::250.62');
INSERT INTO `rule_filter` ( `id`, `include_flag`, `required_flag`, `method`, `method_detail`, `value` ) VALUES ('rule_dm_urine_alb', 1, 0, 'filt_lists', 'medical_problem', 'ICD9::250.63');
INSERT INTO `rule_filter` ( `id`, `include_flag`, `required_flag`, `method`, `method_detail`, `value` ) VALUES ('rule_dm_urine_alb', 1, 0, 'filt_lists', 'medical_problem', 'ICD9::250.7');
INSERT INTO `rule_filter` ( `id`, `include_flag`, `required_flag`, `method`, `method_detail`, `value` ) VALUES ('rule_dm_urine_alb', 1, 0, 'filt_lists', 'medical_problem', 'ICD9::250.70');
INSERT INTO `rule_filter` ( `id`, `include_flag`, `required_flag`, `method`, `method_detail`, `value` ) VALUES ('rule_dm_urine_alb', 1, 0, 'filt_lists', 'medical_problem', 'ICD9::250.71');
INSERT INTO `rule_filter` ( `id`, `include_flag`, `required_flag`, `method`, `method_detail`, `value` ) VALUES ('rule_dm_urine_alb', 1, 0, 'filt_lists', 'medical_problem', 'ICD9::250.72');
INSERT INTO `rule_filter` ( `id`, `include_flag`, `required_flag`, `method`, `method_detail`, `value` ) VALUES ('rule_dm_urine_alb', 1, 0, 'filt_lists', 'medical_problem', 'ICD9::250.73');
INSERT INTO `rule_filter` ( `id`, `include_flag`, `required_flag`, `method`, `method_detail`, `value` ) VALUES ('rule_dm_urine_alb', 1, 0, 'filt_lists', 'medical_problem', 'ICD9::250.80');
INSERT INTO `rule_filter` ( `id`, `include_flag`, `required_flag`, `method`, `method_detail`, `value` ) VALUES ('rule_dm_urine_alb', 1, 0, 'filt_lists', 'medical_problem', 'ICD9::250.81');
INSERT INTO `rule_filter` ( `id`, `include_flag`, `required_flag`, `method`, `method_detail`, `value` ) VALUES ('rule_dm_urine_alb', 1, 0, 'filt_lists', 'medical_problem', 'ICD9::250.82');
INSERT INTO `rule_filter` ( `id`, `include_flag`, `required_flag`, `method`, `method_detail`, `value` ) VALUES ('rule_dm_urine_alb', 1, 0, 'filt_lists', 'medical_problem', 'ICD9::250.83');
INSERT INTO `rule_filter` ( `id`, `include_flag`, `required_flag`, `method`, `method_detail`, `value` ) VALUES ('rule_dm_urine_alb', 1, 0, 'filt_lists', 'medical_problem', 'ICD9::250.9');
INSERT INTO `rule_filter` ( `id`, `include_flag`, `required_flag`, `method`, `method_detail`, `value` ) VALUES ('rule_dm_urine_alb', 1, 0, 'filt_lists', 'medical_problem', 'ICD9::250.90');
INSERT INTO `rule_filter` ( `id`, `include_flag`, `required_flag`, `method`, `method_detail`, `value` ) VALUES ('rule_dm_urine_alb', 1, 0, 'filt_lists', 'medical_problem', 'ICD9::250.91');
INSERT INTO `rule_filter` ( `id`, `include_flag`, `required_flag`, `method`, `method_detail`, `value` ) VALUES ('rule_dm_urine_alb', 1, 0, 'filt_lists', 'medical_problem', 'ICD9::250.92');
INSERT INTO `rule_filter` ( `id`, `include_flag`, `required_flag`, `method`, `method_detail`, `value` ) VALUES ('rule_dm_urine_alb', 1, 0, 'filt_lists', 'medical_problem', 'ICD9::250.93');
INSERT INTO `rule_filter` ( `id`, `include_flag`, `required_flag`, `method`, `method_detail`, `value` ) VALUES ('rule_dm_urine_alb', 1, 0, 'filt_lists', 'medical_problem', 'ICD9::357.2');
INSERT INTO `rule_filter` ( `id`, `include_flag`, `required_flag`, `method`, `method_detail`, `value` ) VALUES ('rule_dm_urine_alb', 1, 0, 'filt_lists', 'medical_problem', 'ICD9::362.0');
INSERT INTO `rule_filter` ( `id`, `include_flag`, `required_flag`, `method`, `method_detail`, `value` ) VALUES ('rule_dm_urine_alb', 1, 0, 'filt_lists', 'medical_problem', 'ICD9::362.01');
INSERT INTO `rule_filter` ( `id`, `include_flag`, `required_flag`, `method`, `method_detail`, `value` ) VALUES ('rule_dm_urine_alb', 1, 0, 'filt_lists', 'medical_problem', 'ICD9::362.02');
INSERT INTO `rule_filter` ( `id`, `include_flag`, `required_flag`, `method`, `method_detail`, `value` ) VALUES ('rule_dm_urine_alb', 1, 0, 'filt_lists', 'medical_problem', 'ICD9::362.03');
INSERT INTO `rule_filter` ( `id`, `include_flag`, `required_flag`, `method`, `method_detail`, `value` ) VALUES ('rule_dm_urine_alb', 1, 0, 'filt_lists', 'medical_problem', 'ICD9::362.04');
INSERT INTO `rule_filter` ( `id`, `include_flag`, `required_flag`, `method`, `method_detail`, `value` ) VALUES ('rule_dm_urine_alb', 1, 0, 'filt_lists', 'medical_problem', 'ICD9::362.05');
INSERT INTO `rule_filter` ( `id`, `include_flag`, `required_flag`, `method`, `method_detail`, `value` ) VALUES ('rule_dm_urine_alb', 1, 0, 'filt_lists', 'medical_problem', 'ICD9::362.06');
INSERT INTO `rule_filter` ( `id`, `include_flag`, `required_flag`, `method`, `method_detail`, `value` ) VALUES ('rule_dm_urine_alb', 1, 0, 'filt_lists', 'medical_problem', 'ICD9::366.41');
INSERT INTO `rule_filter` ( `id`, `include_flag`, `required_flag`, `method`, `method_detail`, `value` ) VALUES ('rule_dm_urine_alb', 1, 0, 'filt_lists', 'medical_problem', 'ICD9::648.0');
INSERT INTO `rule_filter` ( `id`, `include_flag`, `required_flag`, `method`, `method_detail`, `value` ) VALUES ('rule_dm_urine_alb', 1, 0, 'filt_lists', 'medical_problem', 'ICD9::648.00');
INSERT INTO `rule_filter` ( `id`, `include_flag`, `required_flag`, `method`, `method_detail`, `value` ) VALUES ('rule_dm_urine_alb', 1, 0, 'filt_lists', 'medical_problem', 'ICD9::648.01');
INSERT INTO `rule_filter` ( `id`, `include_flag`, `required_flag`, `method`, `method_detail`, `value` ) VALUES ('rule_dm_urine_alb', 1, 0, 'filt_lists', 'medical_problem', 'ICD9::648.02');
INSERT INTO `rule_filter` ( `id`, `include_flag`, `required_flag`, `method`, `method_detail`, `value` ) VALUES ('rule_dm_urine_alb', 1, 0, 'filt_lists', 'medical_problem', 'ICD9::648.03');
INSERT INTO `rule_filter` ( `id`, `include_flag`, `required_flag`, `method`, `method_detail`, `value` ) VALUES ('rule_dm_urine_alb', 1, 0, 'filt_lists', 'medical_problem', 'ICD9::648.04');
INSERT INTO `rule_filter` ( `id`, `include_flag`, `required_flag`, `method`, `method_detail`, `value` ) VALUES ('rule_dm_eye', 1, 0, 'filt_lists', 'medical_problem', 'CUSTOM::diabetes');
INSERT INTO `rule_filter` ( `id`, `include_flag`, `required_flag`, `method`, `method_detail`, `value` ) VALUES ('rule_dm_eye', 1, 0, 'filt_lists', 'medical_problem', 'ICD9::250');
INSERT INTO `rule_filter` ( `id`, `include_flag`, `required_flag`, `method`, `method_detail`, `value` ) VALUES ('rule_dm_eye', 1, 0, 'filt_lists', 'medical_problem', 'ICD9::250.0');
INSERT INTO `rule_filter` ( `id`, `include_flag`, `required_flag`, `method`, `method_detail`, `value` ) VALUES ('rule_dm_eye', 1, 0, 'filt_lists', 'medical_problem', 'ICD9::250.00');
INSERT INTO `rule_filter` ( `id`, `include_flag`, `required_flag`, `method`, `method_detail`, `value` ) VALUES ('rule_dm_eye', 1, 0, 'filt_lists', 'medical_problem', 'ICD9::250.01');
INSERT INTO `rule_filter` ( `id`, `include_flag`, `required_flag`, `method`, `method_detail`, `value` ) VALUES ('rule_dm_eye', 1, 0, 'filt_lists', 'medical_problem', 'ICD9::250.02');
INSERT INTO `rule_filter` ( `id`, `include_flag`, `required_flag`, `method`, `method_detail`, `value` ) VALUES ('rule_dm_eye', 1, 0, 'filt_lists', 'medical_problem', 'ICD9::250.03');
INSERT INTO `rule_filter` ( `id`, `include_flag`, `required_flag`, `method`, `method_detail`, `value` ) VALUES ('rule_dm_eye', 1, 0, 'filt_lists', 'medical_problem', 'ICD9::250.10');
INSERT INTO `rule_filter` ( `id`, `include_flag`, `required_flag`, `method`, `method_detail`, `value` ) VALUES ('rule_dm_eye', 1, 0, 'filt_lists', 'medical_problem', 'ICD9::250.11');
INSERT INTO `rule_filter` ( `id`, `include_flag`, `required_flag`, `method`, `method_detail`, `value` ) VALUES ('rule_dm_eye', 1, 0, 'filt_lists', 'medical_problem', 'ICD9::250.12');
INSERT INTO `rule_filter` ( `id`, `include_flag`, `required_flag`, `method`, `method_detail`, `value` ) VALUES ('rule_dm_eye', 1, 0, 'filt_lists', 'medical_problem', 'ICD9::250.13');
INSERT INTO `rule_filter` ( `id`, `include_flag`, `required_flag`, `method`, `method_detail`, `value` ) VALUES ('rule_dm_eye', 1, 0, 'filt_lists', 'medical_problem', 'ICD9::250.20');
INSERT INTO `rule_filter` ( `id`, `include_flag`, `required_flag`, `method`, `method_detail`, `value` ) VALUES ('rule_dm_eye', 1, 0, 'filt_lists', 'medical_problem', 'ICD9::250.21');
INSERT INTO `rule_filter` ( `id`, `include_flag`, `required_flag`, `method`, `method_detail`, `value` ) VALUES ('rule_dm_eye', 1, 0, 'filt_lists', 'medical_problem', 'ICD9::250.22');
INSERT INTO `rule_filter` ( `id`, `include_flag`, `required_flag`, `method`, `method_detail`, `value` ) VALUES ('rule_dm_eye', 1, 0, 'filt_lists', 'medical_problem', 'ICD9::250.23');
INSERT INTO `rule_filter` ( `id`, `include_flag`, `required_flag`, `method`, `method_detail`, `value` ) VALUES ('rule_dm_eye', 1, 0, 'filt_lists', 'medical_problem', 'ICD9::250.30');
INSERT INTO `rule_filter` ( `id`, `include_flag`, `required_flag`, `method`, `method_detail`, `value` ) VALUES ('rule_dm_eye', 1, 0, 'filt_lists', 'medical_problem', 'ICD9::250.31');
INSERT INTO `rule_filter` ( `id`, `include_flag`, `required_flag`, `method`, `method_detail`, `value` ) VALUES ('rule_dm_eye', 1, 0, 'filt_lists', 'medical_problem', 'ICD9::250.32');
INSERT INTO `rule_filter` ( `id`, `include_flag`, `required_flag`, `method`, `method_detail`, `value` ) VALUES ('rule_dm_eye', 1, 0, 'filt_lists', 'medical_problem', 'ICD9::250.33');
INSERT INTO `rule_filter` ( `id`, `include_flag`, `required_flag`, `method`, `method_detail`, `value` ) VALUES ('rule_dm_eye', 1, 0, 'filt_lists', 'medical_problem', 'ICD9::250.4');
INSERT INTO `rule_filter` ( `id`, `include_flag`, `required_flag`, `method`, `method_detail`, `value` ) VALUES ('rule_dm_eye', 1, 0, 'filt_lists', 'medical_problem', 'ICD9::250.40');
INSERT INTO `rule_filter` ( `id`, `include_flag`, `required_flag`, `method`, `method_detail`, `value` ) VALUES ('rule_dm_eye', 1, 0, 'filt_lists', 'medical_problem', 'ICD9::250.41');
INSERT INTO `rule_filter` ( `id`, `include_flag`, `required_flag`, `method`, `method_detail`, `value` ) VALUES ('rule_dm_eye', 1, 0, 'filt_lists', 'medical_problem', 'ICD9::250.42');
INSERT INTO `rule_filter` ( `id`, `include_flag`, `required_flag`, `method`, `method_detail`, `value` ) VALUES ('rule_dm_eye', 1, 0, 'filt_lists', 'medical_problem', 'ICD9::250.43');
INSERT INTO `rule_filter` ( `id`, `include_flag`, `required_flag`, `method`, `method_detail`, `value` ) VALUES ('rule_dm_eye', 1, 0, 'filt_lists', 'medical_problem', 'ICD9::250.50');
INSERT INTO `rule_filter` ( `id`, `include_flag`, `required_flag`, `method`, `method_detail`, `value` ) VALUES ('rule_dm_eye', 1, 0, 'filt_lists', 'medical_problem', 'ICD9::250.51');
INSERT INTO `rule_filter` ( `id`, `include_flag`, `required_flag`, `method`, `method_detail`, `value` ) VALUES ('rule_dm_eye', 1, 0, 'filt_lists', 'medical_problem', 'ICD9::250.52');
INSERT INTO `rule_filter` ( `id`, `include_flag`, `required_flag`, `method`, `method_detail`, `value` ) VALUES ('rule_dm_eye', 1, 0, 'filt_lists', 'medical_problem', 'ICD9::250.53');
INSERT INTO `rule_filter` ( `id`, `include_flag`, `required_flag`, `method`, `method_detail`, `value` ) VALUES ('rule_dm_eye', 1, 0, 'filt_lists', 'medical_problem', 'ICD9::250.60');
INSERT INTO `rule_filter` ( `id`, `include_flag`, `required_flag`, `method`, `method_detail`, `value` ) VALUES ('rule_dm_eye', 1, 0, 'filt_lists', 'medical_problem', 'ICD9::250.61');
INSERT INTO `rule_filter` ( `id`, `include_flag`, `required_flag`, `method`, `method_detail`, `value` ) VALUES ('rule_dm_eye', 1, 0, 'filt_lists', 'medical_problem', 'ICD9::250.62');
INSERT INTO `rule_filter` ( `id`, `include_flag`, `required_flag`, `method`, `method_detail`, `value` ) VALUES ('rule_dm_eye', 1, 0, 'filt_lists', 'medical_problem', 'ICD9::250.63');
INSERT INTO `rule_filter` ( `id`, `include_flag`, `required_flag`, `method`, `method_detail`, `value` ) VALUES ('rule_dm_eye', 1, 0, 'filt_lists', 'medical_problem', 'ICD9::250.7');
INSERT INTO `rule_filter` ( `id`, `include_flag`, `required_flag`, `method`, `method_detail`, `value` ) VALUES ('rule_dm_eye', 1, 0, 'filt_lists', 'medical_problem', 'ICD9::250.70');
INSERT INTO `rule_filter` ( `id`, `include_flag`, `required_flag`, `method`, `method_detail`, `value` ) VALUES ('rule_dm_eye', 1, 0, 'filt_lists', 'medical_problem', 'ICD9::250.71');
INSERT INTO `rule_filter` ( `id`, `include_flag`, `required_flag`, `method`, `method_detail`, `value` ) VALUES ('rule_dm_eye', 1, 0, 'filt_lists', 'medical_problem', 'ICD9::250.72');
INSERT INTO `rule_filter` ( `id`, `include_flag`, `required_flag`, `method`, `method_detail`, `value` ) VALUES ('rule_dm_eye', 1, 0, 'filt_lists', 'medical_problem', 'ICD9::250.73');
INSERT INTO `rule_filter` ( `id`, `include_flag`, `required_flag`, `method`, `method_detail`, `value` ) VALUES ('rule_dm_eye', 1, 0, 'filt_lists', 'medical_problem', 'ICD9::250.80');
INSERT INTO `rule_filter` ( `id`, `include_flag`, `required_flag`, `method`, `method_detail`, `value` ) VALUES ('rule_dm_eye', 1, 0, 'filt_lists', 'medical_problem', 'ICD9::250.81');
INSERT INTO `rule_filter` ( `id`, `include_flag`, `required_flag`, `method`, `method_detail`, `value` ) VALUES ('rule_dm_eye', 1, 0, 'filt_lists', 'medical_problem', 'ICD9::250.82');
INSERT INTO `rule_filter` ( `id`, `include_flag`, `required_flag`, `method`, `method_detail`, `value` ) VALUES ('rule_dm_eye', 1, 0, 'filt_lists', 'medical_problem', 'ICD9::250.83');
INSERT INTO `rule_filter` ( `id`, `include_flag`, `required_flag`, `method`, `method_detail`, `value` ) VALUES ('rule_dm_eye', 1, 0, 'filt_lists', 'medical_problem', 'ICD9::250.9');
INSERT INTO `rule_filter` ( `id`, `include_flag`, `required_flag`, `method`, `method_detail`, `value` ) VALUES ('rule_dm_eye', 1, 0, 'filt_lists', 'medical_problem', 'ICD9::250.90');
INSERT INTO `rule_filter` ( `id`, `include_flag`, `required_flag`, `method`, `method_detail`, `value` ) VALUES ('rule_dm_eye', 1, 0, 'filt_lists', 'medical_problem', 'ICD9::250.91');
INSERT INTO `rule_filter` ( `id`, `include_flag`, `required_flag`, `method`, `method_detail`, `value` ) VALUES ('rule_dm_eye', 1, 0, 'filt_lists', 'medical_problem', 'ICD9::250.92');
INSERT INTO `rule_filter` ( `id`, `include_flag`, `required_flag`, `method`, `method_detail`, `value` ) VALUES ('rule_dm_eye', 1, 0, 'filt_lists', 'medical_problem', 'ICD9::250.93');
INSERT INTO `rule_filter` ( `id`, `include_flag`, `required_flag`, `method`, `method_detail`, `value` ) VALUES ('rule_dm_eye', 1, 0, 'filt_lists', 'medical_problem', 'ICD9::357.2');
INSERT INTO `rule_filter` ( `id`, `include_flag`, `required_flag`, `method`, `method_detail`, `value` ) VALUES ('rule_dm_eye', 1, 0, 'filt_lists', 'medical_problem', 'ICD9::362.0');
INSERT INTO `rule_filter` ( `id`, `include_flag`, `required_flag`, `method`, `method_detail`, `value` ) VALUES ('rule_dm_eye', 1, 0, 'filt_lists', 'medical_problem', 'ICD9::362.01');
INSERT INTO `rule_filter` ( `id`, `include_flag`, `required_flag`, `method`, `method_detail`, `value` ) VALUES ('rule_dm_eye', 1, 0, 'filt_lists', 'medical_problem', 'ICD9::362.02');
INSERT INTO `rule_filter` ( `id`, `include_flag`, `required_flag`, `method`, `method_detail`, `value` ) VALUES ('rule_dm_eye', 1, 0, 'filt_lists', 'medical_problem', 'ICD9::362.03');
INSERT INTO `rule_filter` ( `id`, `include_flag`, `required_flag`, `method`, `method_detail`, `value` ) VALUES ('rule_dm_eye', 1, 0, 'filt_lists', 'medical_problem', 'ICD9::362.04');
INSERT INTO `rule_filter` ( `id`, `include_flag`, `required_flag`, `method`, `method_detail`, `value` ) VALUES ('rule_dm_eye', 1, 0, 'filt_lists', 'medical_problem', 'ICD9::362.05');
INSERT INTO `rule_filter` ( `id`, `include_flag`, `required_flag`, `method`, `method_detail`, `value` ) VALUES ('rule_dm_eye', 1, 0, 'filt_lists', 'medical_problem', 'ICD9::362.06');
INSERT INTO `rule_filter` ( `id`, `include_flag`, `required_flag`, `method`, `method_detail`, `value` ) VALUES ('rule_dm_eye', 1, 0, 'filt_lists', 'medical_problem', 'ICD9::366.41');
INSERT INTO `rule_filter` ( `id`, `include_flag`, `required_flag`, `method`, `method_detail`, `value` ) VALUES ('rule_dm_eye', 1, 0, 'filt_lists', 'medical_problem', 'ICD9::648.0');
INSERT INTO `rule_filter` ( `id`, `include_flag`, `required_flag`, `method`, `method_detail`, `value` ) VALUES ('rule_dm_eye', 1, 0, 'filt_lists', 'medical_problem', 'ICD9::648.00');
INSERT INTO `rule_filter` ( `id`, `include_flag`, `required_flag`, `method`, `method_detail`, `value` ) VALUES ('rule_dm_eye', 1, 0, 'filt_lists', 'medical_problem', 'ICD9::648.01');
INSERT INTO `rule_filter` ( `id`, `include_flag`, `required_flag`, `method`, `method_detail`, `value` ) VALUES ('rule_dm_eye', 1, 0, 'filt_lists', 'medical_problem', 'ICD9::648.02');
INSERT INTO `rule_filter` ( `id`, `include_flag`, `required_flag`, `method`, `method_detail`, `value` ) VALUES ('rule_dm_eye', 1, 0, 'filt_lists', 'medical_problem', 'ICD9::648.03');
INSERT INTO `rule_filter` ( `id`, `include_flag`, `required_flag`, `method`, `method_detail`, `value` ) VALUES ('rule_dm_eye', 1, 0, 'filt_lists', 'medical_problem', 'ICD9::648.04');
INSERT INTO `rule_filter` ( `id`, `include_flag`, `required_flag`, `method`, `method_detail`, `value` ) VALUES ('rule_dm_foot', 1, 0, 'filt_lists', 'medical_problem', 'CUSTOM::diabetes');
INSERT INTO `rule_filter` ( `id`, `include_flag`, `required_flag`, `method`, `method_detail`, `value` ) VALUES ('rule_dm_foot', 1, 0, 'filt_lists', 'medical_problem', 'ICD9::250');
INSERT INTO `rule_filter` ( `id`, `include_flag`, `required_flag`, `method`, `method_detail`, `value` ) VALUES ('rule_dm_foot', 1, 0, 'filt_lists', 'medical_problem', 'ICD9::250.0');
INSERT INTO `rule_filter` ( `id`, `include_flag`, `required_flag`, `method`, `method_detail`, `value` ) VALUES ('rule_dm_foot', 1, 0, 'filt_lists', 'medical_problem', 'ICD9::250.00');
INSERT INTO `rule_filter` ( `id`, `include_flag`, `required_flag`, `method`, `method_detail`, `value` ) VALUES ('rule_dm_foot', 1, 0, 'filt_lists', 'medical_problem', 'ICD9::250.01');
INSERT INTO `rule_filter` ( `id`, `include_flag`, `required_flag`, `method`, `method_detail`, `value` ) VALUES ('rule_dm_foot', 1, 0, 'filt_lists', 'medical_problem', 'ICD9::250.02');
INSERT INTO `rule_filter` ( `id`, `include_flag`, `required_flag`, `method`, `method_detail`, `value` ) VALUES ('rule_dm_foot', 1, 0, 'filt_lists', 'medical_problem', 'ICD9::250.03');
INSERT INTO `rule_filter` ( `id`, `include_flag`, `required_flag`, `method`, `method_detail`, `value` ) VALUES ('rule_dm_foot', 1, 0, 'filt_lists', 'medical_problem', 'ICD9::250.10');
INSERT INTO `rule_filter` ( `id`, `include_flag`, `required_flag`, `method`, `method_detail`, `value` ) VALUES ('rule_dm_foot', 1, 0, 'filt_lists', 'medical_problem', 'ICD9::250.11');
INSERT INTO `rule_filter` ( `id`, `include_flag`, `required_flag`, `method`, `method_detail`, `value` ) VALUES ('rule_dm_foot', 1, 0, 'filt_lists', 'medical_problem', 'ICD9::250.12');
INSERT INTO `rule_filter` ( `id`, `include_flag`, `required_flag`, `method`, `method_detail`, `value` ) VALUES ('rule_dm_foot', 1, 0, 'filt_lists', 'medical_problem', 'ICD9::250.13');
INSERT INTO `rule_filter` ( `id`, `include_flag`, `required_flag`, `method`, `method_detail`, `value` ) VALUES ('rule_dm_foot', 1, 0, 'filt_lists', 'medical_problem', 'ICD9::250.20');
INSERT INTO `rule_filter` ( `id`, `include_flag`, `required_flag`, `method`, `method_detail`, `value` ) VALUES ('rule_dm_foot', 1, 0, 'filt_lists', 'medical_problem', 'ICD9::250.21');
INSERT INTO `rule_filter` ( `id`, `include_flag`, `required_flag`, `method`, `method_detail`, `value` ) VALUES ('rule_dm_foot', 1, 0, 'filt_lists', 'medical_problem', 'ICD9::250.22');
INSERT INTO `rule_filter` ( `id`, `include_flag`, `required_flag`, `method`, `method_detail`, `value` ) VALUES ('rule_dm_foot', 1, 0, 'filt_lists', 'medical_problem', 'ICD9::250.23');
INSERT INTO `rule_filter` ( `id`, `include_flag`, `required_flag`, `method`, `method_detail`, `value` ) VALUES ('rule_dm_foot', 1, 0, 'filt_lists', 'medical_problem', 'ICD9::250.30');
INSERT INTO `rule_filter` ( `id`, `include_flag`, `required_flag`, `method`, `method_detail`, `value` ) VALUES ('rule_dm_foot', 1, 0, 'filt_lists', 'medical_problem', 'ICD9::250.31');
INSERT INTO `rule_filter` ( `id`, `include_flag`, `required_flag`, `method`, `method_detail`, `value` ) VALUES ('rule_dm_foot', 1, 0, 'filt_lists', 'medical_problem', 'ICD9::250.32');
INSERT INTO `rule_filter` ( `id`, `include_flag`, `required_flag`, `method`, `method_detail`, `value` ) VALUES ('rule_dm_foot', 1, 0, 'filt_lists', 'medical_problem', 'ICD9::250.33');
INSERT INTO `rule_filter` ( `id`, `include_flag`, `required_flag`, `method`, `method_detail`, `value` ) VALUES ('rule_dm_foot', 1, 0, 'filt_lists', 'medical_problem', 'ICD9::250.4');
INSERT INTO `rule_filter` ( `id`, `include_flag`, `required_flag`, `method`, `method_detail`, `value` ) VALUES ('rule_dm_foot', 1, 0, 'filt_lists', 'medical_problem', 'ICD9::250.40');
INSERT INTO `rule_filter` ( `id`, `include_flag`, `required_flag`, `method`, `method_detail`, `value` ) VALUES ('rule_dm_foot', 1, 0, 'filt_lists', 'medical_problem', 'ICD9::250.41');
INSERT INTO `rule_filter` ( `id`, `include_flag`, `required_flag`, `method`, `method_detail`, `value` ) VALUES ('rule_dm_foot', 1, 0, 'filt_lists', 'medical_problem', 'ICD9::250.42');
INSERT INTO `rule_filter` ( `id`, `include_flag`, `required_flag`, `method`, `method_detail`, `value` ) VALUES ('rule_dm_foot', 1, 0, 'filt_lists', 'medical_problem', 'ICD9::250.43');
INSERT INTO `rule_filter` ( `id`, `include_flag`, `required_flag`, `method`, `method_detail`, `value` ) VALUES ('rule_dm_foot', 1, 0, 'filt_lists', 'medical_problem', 'ICD9::250.50');
INSERT INTO `rule_filter` ( `id`, `include_flag`, `required_flag`, `method`, `method_detail`, `value` ) VALUES ('rule_dm_foot', 1, 0, 'filt_lists', 'medical_problem', 'ICD9::250.51');
INSERT INTO `rule_filter` ( `id`, `include_flag`, `required_flag`, `method`, `method_detail`, `value` ) VALUES ('rule_dm_foot', 1, 0, 'filt_lists', 'medical_problem', 'ICD9::250.52');
INSERT INTO `rule_filter` ( `id`, `include_flag`, `required_flag`, `method`, `method_detail`, `value` ) VALUES ('rule_dm_foot', 1, 0, 'filt_lists', 'medical_problem', 'ICD9::250.53');
INSERT INTO `rule_filter` ( `id`, `include_flag`, `required_flag`, `method`, `method_detail`, `value` ) VALUES ('rule_dm_foot', 1, 0, 'filt_lists', 'medical_problem', 'ICD9::250.60');
INSERT INTO `rule_filter` ( `id`, `include_flag`, `required_flag`, `method`, `method_detail`, `value` ) VALUES ('rule_dm_foot', 1, 0, 'filt_lists', 'medical_problem', 'ICD9::250.61');
INSERT INTO `rule_filter` ( `id`, `include_flag`, `required_flag`, `method`, `method_detail`, `value` ) VALUES ('rule_dm_foot', 1, 0, 'filt_lists', 'medical_problem', 'ICD9::250.62');
INSERT INTO `rule_filter` ( `id`, `include_flag`, `required_flag`, `method`, `method_detail`, `value` ) VALUES ('rule_dm_foot', 1, 0, 'filt_lists', 'medical_problem', 'ICD9::250.63');
INSERT INTO `rule_filter` ( `id`, `include_flag`, `required_flag`, `method`, `method_detail`, `value` ) VALUES ('rule_dm_foot', 1, 0, 'filt_lists', 'medical_problem', 'ICD9::250.7');
INSERT INTO `rule_filter` ( `id`, `include_flag`, `required_flag`, `method`, `method_detail`, `value` ) VALUES ('rule_dm_foot', 1, 0, 'filt_lists', 'medical_problem', 'ICD9::250.70');
INSERT INTO `rule_filter` ( `id`, `include_flag`, `required_flag`, `method`, `method_detail`, `value` ) VALUES ('rule_dm_foot', 1, 0, 'filt_lists', 'medical_problem', 'ICD9::250.71');
INSERT INTO `rule_filter` ( `id`, `include_flag`, `required_flag`, `method`, `method_detail`, `value` ) VALUES ('rule_dm_foot', 1, 0, 'filt_lists', 'medical_problem', 'ICD9::250.72');
INSERT INTO `rule_filter` ( `id`, `include_flag`, `required_flag`, `method`, `method_detail`, `value` ) VALUES ('rule_dm_foot', 1, 0, 'filt_lists', 'medical_problem', 'ICD9::250.73');
INSERT INTO `rule_filter` ( `id`, `include_flag`, `required_flag`, `method`, `method_detail`, `value` ) VALUES ('rule_dm_foot', 1, 0, 'filt_lists', 'medical_problem', 'ICD9::250.80');
INSERT INTO `rule_filter` ( `id`, `include_flag`, `required_flag`, `method`, `method_detail`, `value` ) VALUES ('rule_dm_foot', 1, 0, 'filt_lists', 'medical_problem', 'ICD9::250.81');
INSERT INTO `rule_filter` ( `id`, `include_flag`, `required_flag`, `method`, `method_detail`, `value` ) VALUES ('rule_dm_foot', 1, 0, 'filt_lists', 'medical_problem', 'ICD9::250.82');
INSERT INTO `rule_filter` ( `id`, `include_flag`, `required_flag`, `method`, `method_detail`, `value` ) VALUES ('rule_dm_foot', 1, 0, 'filt_lists', 'medical_problem', 'ICD9::250.83');
INSERT INTO `rule_filter` ( `id`, `include_flag`, `required_flag`, `method`, `method_detail`, `value` ) VALUES ('rule_dm_foot', 1, 0, 'filt_lists', 'medical_problem', 'ICD9::250.9');
INSERT INTO `rule_filter` ( `id`, `include_flag`, `required_flag`, `method`, `method_detail`, `value` ) VALUES ('rule_dm_foot', 1, 0, 'filt_lists', 'medical_problem', 'ICD9::250.90');
INSERT INTO `rule_filter` ( `id`, `include_flag`, `required_flag`, `method`, `method_detail`, `value` ) VALUES ('rule_dm_foot', 1, 0, 'filt_lists', 'medical_problem', 'ICD9::250.91');
INSERT INTO `rule_filter` ( `id`, `include_flag`, `required_flag`, `method`, `method_detail`, `value` ) VALUES ('rule_dm_foot', 1, 0, 'filt_lists', 'medical_problem', 'ICD9::250.92');
INSERT INTO `rule_filter` ( `id`, `include_flag`, `required_flag`, `method`, `method_detail`, `value` ) VALUES ('rule_dm_foot', 1, 0, 'filt_lists', 'medical_problem', 'ICD9::250.93');
INSERT INTO `rule_filter` ( `id`, `include_flag`, `required_flag`, `method`, `method_detail`, `value` ) VALUES ('rule_dm_foot', 1, 0, 'filt_lists', 'medical_problem', 'ICD9::357.2');
INSERT INTO `rule_filter` ( `id`, `include_flag`, `required_flag`, `method`, `method_detail`, `value` ) VALUES ('rule_dm_foot', 1, 0, 'filt_lists', 'medical_problem', 'ICD9::362.0');
INSERT INTO `rule_filter` ( `id`, `include_flag`, `required_flag`, `method`, `method_detail`, `value` ) VALUES ('rule_dm_foot', 1, 0, 'filt_lists', 'medical_problem', 'ICD9::362.01');
INSERT INTO `rule_filter` ( `id`, `include_flag`, `required_flag`, `method`, `method_detail`, `value` ) VALUES ('rule_dm_foot', 1, 0, 'filt_lists', 'medical_problem', 'ICD9::362.02');
INSERT INTO `rule_filter` ( `id`, `include_flag`, `required_flag`, `method`, `method_detail`, `value` ) VALUES ('rule_dm_foot', 1, 0, 'filt_lists', 'medical_problem', 'ICD9::362.03');
INSERT INTO `rule_filter` ( `id`, `include_flag`, `required_flag`, `method`, `method_detail`, `value` ) VALUES ('rule_dm_foot', 1, 0, 'filt_lists', 'medical_problem', 'ICD9::362.04');
INSERT INTO `rule_filter` ( `id`, `include_flag`, `required_flag`, `method`, `method_detail`, `value` ) VALUES ('rule_dm_foot', 1, 0, 'filt_lists', 'medical_problem', 'ICD9::362.05');
INSERT INTO `rule_filter` ( `id`, `include_flag`, `required_flag`, `method`, `method_detail`, `value` ) VALUES ('rule_dm_foot', 1, 0, 'filt_lists', 'medical_problem', 'ICD9::362.06');
INSERT INTO `rule_filter` ( `id`, `include_flag`, `required_flag`, `method`, `method_detail`, `value` ) VALUES ('rule_dm_foot', 1, 0, 'filt_lists', 'medical_problem', 'ICD9::366.41');
INSERT INTO `rule_filter` ( `id`, `include_flag`, `required_flag`, `method`, `method_detail`, `value` ) VALUES ('rule_dm_foot', 1, 0, 'filt_lists', 'medical_problem', 'ICD9::648.0');
INSERT INTO `rule_filter` ( `id`, `include_flag`, `required_flag`, `method`, `method_detail`, `value` ) VALUES ('rule_dm_foot', 1, 0, 'filt_lists', 'medical_problem', 'ICD9::648.00');
INSERT INTO `rule_filter` ( `id`, `include_flag`, `required_flag`, `method`, `method_detail`, `value` ) VALUES ('rule_dm_foot', 1, 0, 'filt_lists', 'medical_problem', 'ICD9::648.01');
INSERT INTO `rule_filter` ( `id`, `include_flag`, `required_flag`, `method`, `method_detail`, `value` ) VALUES ('rule_dm_foot', 1, 0, 'filt_lists', 'medical_problem', 'ICD9::648.02');
INSERT INTO `rule_filter` ( `id`, `include_flag`, `required_flag`, `method`, `method_detail`, `value` ) VALUES ('rule_dm_foot', 1, 0, 'filt_lists', 'medical_problem', 'ICD9::648.03');
INSERT INTO `rule_filter` ( `id`, `include_flag`, `required_flag`, `method`, `method_detail`, `value` ) VALUES ('rule_dm_foot', 1, 0, 'filt_lists', 'medical_problem', 'ICD9::648.04');
INSERT INTO `rule_filter` ( `id`, `include_flag`, `required_flag`, `method`, `method_detail`, `value` ) VALUES ('rule_cs_mammo', 1, 1, 'filt_age_min', 'year', '40');
INSERT INTO `rule_filter` ( `id`, `include_flag`, `required_flag`, `method`, `method_detail`, `value` ) VALUES ('rule_cs_mammo', 1, 1, 'filt_sex', '', 'Female');
INSERT INTO `rule_filter` ( `id`, `include_flag`, `required_flag`, `method`, `method_detail`, `value` ) VALUES ('rule_cs_pap', 1, 1, 'filt_age_min', 'year', '18');
INSERT INTO `rule_filter` ( `id`, `include_flag`, `required_flag`, `method`, `method_detail`, `value` ) VALUES ('rule_cs_pap', 1, 1, 'filt_sex', '', 'Female');
INSERT INTO `rule_filter` ( `id`, `include_flag`, `required_flag`, `method`, `method_detail`, `value` ) VALUES ('rule_cs_colon', 1, 1, 'filt_age_min', 'year', '50');
INSERT INTO `rule_filter` ( `id`, `include_flag`, `required_flag`, `method`, `method_detail`, `value` ) VALUES ('rule_cs_prostate', 1, 1, 'filt_age_min', 'year', '50');
INSERT INTO `rule_filter` ( `id`, `include_flag`, `required_flag`, `method`, `method_detail`, `value` ) VALUES ('rule_cs_prostate', 1, 1, 'filt_sex', '', 'Male');
INSERT INTO `rule_filter` ( `id`, `include_flag`, `required_flag`, `method`, `method_detail`, `value` ) VALUES ('rule_inr_monitor', 1, 0, 'filt_lists', 'medication', 'coumadin');
INSERT INTO `rule_filter` ( `id`, `include_flag`, `required_flag`, `method`, `method_detail`, `value` ) VALUES ('rule_inr_monitor', 1, 0, 'filt_lists', 'medication', 'warfarin');
#EndIf

#IfNotTable rule_patient_data
CREATE TABLE `rule_patient_data` (
  `id` bigint(20) NOT NULL auto_increment,
  `date` datetime DEFAULT NULL,
  `pid` bigint(20) NOT NULL,
  `category` varchar(31) NOT NULL DEFAULT '' COMMENT 'Maps to the category item in the rule_action_item table',
  `item` varchar(31) NOT NULL DEFAULT '' COMMENT 'Maps to the item column in the rule_action_item table',
  `complete` varchar(31) NOT NULL DEFAULT '' COMMENT 'Maps to list_options list yesno',
  `result` varchar(255) NOT NULL DEFAULT '',
  PRIMARY KEY  (`id`),
  KEY (`pid`),
  KEY (`category`,`item`)
) ENGINE=MyISAM AUTO_INCREMENT=1 ;
#EndIf

#IfNotTable rule_reminder
CREATE TABLE `rule_reminder` (
  `id` varchar(31) NOT NULL DEFAULT '' COMMENT 'Maps to the id column in the clinical_rules table',
  `method` varchar(31) NOT NULL DEFAULT '' COMMENT 'Maps to list_options list rule_reminder_methods',
  `method_detail` varchar(31) NOT NULL DEFAULT '' COMMENT 'Maps to list_options list rule_reminder_intervals',
  `value` varchar(255) NOT NULL DEFAULT '',
  KEY  (`id`)
) ENGINE=MyISAM ;
INSERT INTO `rule_reminder` ( `id`, `method`, `method_detail`, `value` ) VALUES ('rule_htn_bp_measure', 'clinical_reminder_pre', 'week', '2');
INSERT INTO `rule_reminder` ( `id`, `method`, `method_detail`, `value` ) VALUES ('rule_htn_bp_measure', 'clinical_reminder_post', 'month', '1');
INSERT INTO `rule_reminder` ( `id`, `method`, `method_detail`, `value` ) VALUES ('rule_htn_bp_measure', 'patient_reminder_pre', 'week', '2');
INSERT INTO `rule_reminder` ( `id`, `method`, `method_detail`, `value` ) VALUES ('rule_htn_bp_measure', 'patient_reminder_post', 'month', '1');
INSERT INTO `rule_reminder` ( `id`, `method`, `method_detail`, `value` ) VALUES ('rule_tob_use_assess', 'clinical_reminder_pre', 'week', '2');
INSERT INTO `rule_reminder` ( `id`, `method`, `method_detail`, `value` ) VALUES ('rule_tob_use_assess', 'clinical_reminder_post', 'month', '1');
INSERT INTO `rule_reminder` ( `id`, `method`, `method_detail`, `value` ) VALUES ('rule_tob_use_assess', 'patient_reminder_pre', 'week', '2');
INSERT INTO `rule_reminder` ( `id`, `method`, `method_detail`, `value` ) VALUES ('rule_tob_use_assess', 'patient_reminder_post', 'month', '1');
INSERT INTO `rule_reminder` ( `id`, `method`, `method_detail`, `value` ) VALUES ('rule_tob_cess_inter', 'clinical_reminder_pre', 'week', '2');
INSERT INTO `rule_reminder` ( `id`, `method`, `method_detail`, `value` ) VALUES ('rule_tob_cess_inter', 'clinical_reminder_post', 'month', '1');
INSERT INTO `rule_reminder` ( `id`, `method`, `method_detail`, `value` ) VALUES ('rule_tob_cess_inter', 'patient_reminder_pre', 'week', '2');
INSERT INTO `rule_reminder` ( `id`, `method`, `method_detail`, `value` ) VALUES ('rule_tob_cess_inter', 'patient_reminder_post', 'month', '1');
INSERT INTO `rule_reminder` ( `id`, `method`, `method_detail`, `value` ) VALUES ('rule_adult_wt_screen_fu', 'clinical_reminder_pre', 'week', '2');
INSERT INTO `rule_reminder` ( `id`, `method`, `method_detail`, `value` ) VALUES ('rule_adult_wt_screen_fu', 'clinical_reminder_post', 'month', '1');
INSERT INTO `rule_reminder` ( `id`, `method`, `method_detail`, `value` ) VALUES ('rule_adult_wt_screen_fu', 'patient_reminder_pre', 'week', '2');
INSERT INTO `rule_reminder` ( `id`, `method`, `method_detail`, `value` ) VALUES ('rule_adult_wt_screen_fu', 'patient_reminder_post', 'month', '1');
INSERT INTO `rule_reminder` ( `id`, `method`, `method_detail`, `value` ) VALUES ('rule_wt_assess_couns_child', 'clinical_reminder_pre', 'week', '2');
INSERT INTO `rule_reminder` ( `id`, `method`, `method_detail`, `value` ) VALUES ('rule_wt_assess_couns_child', 'clinical_reminder_post', 'month', '1');
INSERT INTO `rule_reminder` ( `id`, `method`, `method_detail`, `value` ) VALUES ('rule_wt_assess_couns_child', 'patient_reminder_pre', 'week', '2');
INSERT INTO `rule_reminder` ( `id`, `method`, `method_detail`, `value` ) VALUES ('rule_wt_assess_couns_child', 'patient_reminder_post', 'month', '1');
INSERT INTO `rule_reminder` ( `id`, `method`, `method_detail`, `value` ) VALUES ('rule_influenza_ge_50', 'clinical_reminder_pre', 'week', '2');
INSERT INTO `rule_reminder` ( `id`, `method`, `method_detail`, `value` ) VALUES ('rule_influenza_ge_50', 'clinical_reminder_post', 'month', '1');
INSERT INTO `rule_reminder` ( `id`, `method`, `method_detail`, `value` ) VALUES ('rule_influenza_ge_50', 'patient_reminder_pre', 'week', '2');
INSERT INTO `rule_reminder` ( `id`, `method`, `method_detail`, `value` ) VALUES ('rule_influenza_ge_50', 'patient_reminder_post', 'month', '1');
INSERT INTO `rule_reminder` ( `id`, `method`, `method_detail`, `value` ) VALUES ('rule_pneumovacc_ge_65', 'clinical_reminder_pre', 'week', '2');
INSERT INTO `rule_reminder` ( `id`, `method`, `method_detail`, `value` ) VALUES ('rule_pneumovacc_ge_65', 'clinical_reminder_post', 'month', '1');
INSERT INTO `rule_reminder` ( `id`, `method`, `method_detail`, `value` ) VALUES ('rule_pneumovacc_ge_65', 'patient_reminder_pre', 'week', '2');
INSERT INTO `rule_reminder` ( `id`, `method`, `method_detail`, `value` ) VALUES ('rule_pneumovacc_ge_65', 'patient_reminder_post', 'month', '1');
INSERT INTO `rule_reminder` ( `id`, `method`, `method_detail`, `value` ) VALUES ('rule_dm_hemo_a1c', 'clinical_reminder_pre', 'week', '2');
INSERT INTO `rule_reminder` ( `id`, `method`, `method_detail`, `value` ) VALUES ('rule_dm_hemo_a1c', 'clinical_reminder_post', 'month', '1');
INSERT INTO `rule_reminder` ( `id`, `method`, `method_detail`, `value` ) VALUES ('rule_dm_hemo_a1c', 'patient_reminder_pre', 'week', '2');
INSERT INTO `rule_reminder` ( `id`, `method`, `method_detail`, `value` ) VALUES ('rule_dm_hemo_a1c', 'patient_reminder_post', 'month', '1');
INSERT INTO `rule_reminder` ( `id`, `method`, `method_detail`, `value` ) VALUES ('rule_dm_urine_alb', 'clinical_reminder_pre', 'week', '2');
INSERT INTO `rule_reminder` ( `id`, `method`, `method_detail`, `value` ) VALUES ('rule_dm_urine_alb', 'clinical_reminder_post', 'month', '1');
INSERT INTO `rule_reminder` ( `id`, `method`, `method_detail`, `value` ) VALUES ('rule_dm_urine_alb', 'patient_reminder_pre', 'week', '2');
INSERT INTO `rule_reminder` ( `id`, `method`, `method_detail`, `value` ) VALUES ('rule_dm_urine_alb', 'patient_reminder_post', 'month', '1');
INSERT INTO `rule_reminder` ( `id`, `method`, `method_detail`, `value` ) VALUES ('rule_dm_eye', 'clinical_reminder_pre', 'week', '2');
INSERT INTO `rule_reminder` ( `id`, `method`, `method_detail`, `value` ) VALUES ('rule_dm_eye', 'clinical_reminder_post', 'month', '1');
INSERT INTO `rule_reminder` ( `id`, `method`, `method_detail`, `value` ) VALUES ('rule_dm_eye', 'patient_reminder_pre', 'week', '2');
INSERT INTO `rule_reminder` ( `id`, `method`, `method_detail`, `value` ) VALUES ('rule_dm_eye', 'patient_reminder_post', 'month', '1');
INSERT INTO `rule_reminder` ( `id`, `method`, `method_detail`, `value` ) VALUES ('rule_dm_foot', 'clinical_reminder_pre', 'week', '2');
INSERT INTO `rule_reminder` ( `id`, `method`, `method_detail`, `value` ) VALUES ('rule_dm_foot', 'clinical_reminder_post', 'month', '1');
INSERT INTO `rule_reminder` ( `id`, `method`, `method_detail`, `value` ) VALUES ('rule_dm_foot', 'patient_reminder_pre', 'week', '2');
INSERT INTO `rule_reminder` ( `id`, `method`, `method_detail`, `value` ) VALUES ('rule_dm_foot', 'patient_reminder_post', 'month', '1');
INSERT INTO `rule_reminder` ( `id`, `method`, `method_detail`, `value` ) VALUES ('rule_cs_mammo', 'clinical_reminder_pre', 'week', '2');
INSERT INTO `rule_reminder` ( `id`, `method`, `method_detail`, `value` ) VALUES ('rule_cs_mammo', 'clinical_reminder_post', 'month', '1');
INSERT INTO `rule_reminder` ( `id`, `method`, `method_detail`, `value` ) VALUES ('rule_cs_mammo', 'patient_reminder_pre', 'week', '2');
INSERT INTO `rule_reminder` ( `id`, `method`, `method_detail`, `value` ) VALUES ('rule_cs_mammo', 'patient_reminder_post', 'month', '1');
INSERT INTO `rule_reminder` ( `id`, `method`, `method_detail`, `value` ) VALUES ('rule_cs_pap', 'clinical_reminder_pre', 'week', '2');
INSERT INTO `rule_reminder` ( `id`, `method`, `method_detail`, `value` ) VALUES ('rule_cs_pap', 'clinical_reminder_post', 'month', '1');
INSERT INTO `rule_reminder` ( `id`, `method`, `method_detail`, `value` ) VALUES ('rule_cs_pap', 'patient_reminder_pre', 'week', '2');
INSERT INTO `rule_reminder` ( `id`, `method`, `method_detail`, `value` ) VALUES ('rule_cs_pap', 'patient_reminder_post', 'month', '1');
INSERT INTO `rule_reminder` ( `id`, `method`, `method_detail`, `value` ) VALUES ('rule_cs_colon', 'clinical_reminder_pre', 'week', '2');
INSERT INTO `rule_reminder` ( `id`, `method`, `method_detail`, `value` ) VALUES ('rule_cs_colon', 'clinical_reminder_post', 'month', '1');
INSERT INTO `rule_reminder` ( `id`, `method`, `method_detail`, `value` ) VALUES ('rule_cs_colon', 'patient_reminder_pre', 'week', '2');
INSERT INTO `rule_reminder` ( `id`, `method`, `method_detail`, `value` ) VALUES ('rule_cs_colon', 'patient_reminder_post', 'month', '1');
INSERT INTO `rule_reminder` ( `id`, `method`, `method_detail`, `value` ) VALUES ('rule_cs_prostate', 'clinical_reminder_pre', 'week', '2');
INSERT INTO `rule_reminder` ( `id`, `method`, `method_detail`, `value` ) VALUES ('rule_cs_prostate', 'clinical_reminder_post', 'month', '1');
INSERT INTO `rule_reminder` ( `id`, `method`, `method_detail`, `value` ) VALUES ('rule_cs_prostate', 'patient_reminder_pre', 'week', '2');
INSERT INTO `rule_reminder` ( `id`, `method`, `method_detail`, `value` ) VALUES ('rule_cs_prostate', 'patient_reminder_post', 'month', '1');
INSERT INTO `rule_reminder` ( `id`, `method`, `method_detail`, `value` ) VALUES ('rule_inr_monitor', 'clinical_reminder_pre', 'week', '2');
INSERT INTO `rule_reminder` ( `id`, `method`, `method_detail`, `value` ) VALUES ('rule_inr_monitor', 'clinical_reminder_post', 'month', '1');
INSERT INTO `rule_reminder` ( `id`, `method`, `method_detail`, `value` ) VALUES ('rule_inr_monitor', 'patient_reminder_pre', 'week', '2');
INSERT INTO `rule_reminder` ( `id`, `method`, `method_detail`, `value` ) VALUES ('rule_inr_monitor', 'patient_reminder_post', 'month', '1');
#EndIf

#IfNotTable rule_target
CREATE TABLE `rule_target` (
  `id` varchar(31) NOT NULL DEFAULT '' COMMENT 'Maps to the id column in the clinical_rules table',
  `group_id` bigint(20) NOT NULL DEFAULT 1 COMMENT 'Contains group id to identify collection of targets in a rule',
  `include_flag` tinyint(1) NOT NULL default 0 COMMENT '0 is exclude and 1 is include',
  `required_flag` tinyint(1) NOT NULL default 0 COMMENT '0 is required and 1 is optional',
  `method` varchar(31) NOT NULL DEFAULT '' COMMENT 'Maps to list_options list rule_targets', 
  `value` varchar(255) NOT NULL DEFAULT '' COMMENT 'Data is dependent on the method',
  `interval` bigint(20) NOT NULL DEFAULT 0 COMMENT 'Only used in interval entries', 
  KEY  (`id`)
) ENGINE=MyISAM ;
INSERT INTO `rule_target` ( `id`, `group_id`, `include_flag`, `required_flag`, `method`, `value`, `interval` ) VALUES ('rule_htn_bp_measure', 1, 1, 1, 'target_interval', 'year', 1);
INSERT INTO `rule_target` ( `id`, `group_id`, `include_flag`, `required_flag`, `method`, `value`, `interval` ) VALUES ('rule_htn_bp_measure', 1, 1, 1, 'target_database', '::form_vitals::bps::::::ge::1', 0);
INSERT INTO `rule_target` ( `id`, `group_id`, `include_flag`, `required_flag`, `method`, `value`, `interval` ) VALUES ('rule_htn_bp_measure', 1, 1, 1, 'target_database', '::form_vitals::bpd::::::ge::1', 0);
INSERT INTO `rule_target` ( `id`, `group_id`, `include_flag`, `required_flag`, `method`, `value`, `interval` ) VALUES ('rule_tob_use_assess', 1, 1, 1, 'target_database', 'LIFESTYLE::tobacco::', 0);
INSERT INTO `rule_target` ( `id`, `group_id`, `include_flag`, `required_flag`, `method`, `value`, `interval` ) VALUES ('rule_tob_cess_inter', 1, 1, 1, 'target_interval', 'year', 1);
INSERT INTO `rule_target` ( `id`, `group_id`, `include_flag`, `required_flag`, `method`, `value`, `interval` ) VALUES ('rule_tob_cess_inter', 1, 1, 1, 'target_database', 'CUSTOM::act_cat_inter::act_tobacco::YES::ge::1', 0);
INSERT INTO `rule_target` ( `id`, `group_id`, `include_flag`, `required_flag`, `method`, `value`, `interval` ) VALUES ('rule_adult_wt_screen_fu', 1, 1, 1, 'target_database', '::form_vitals::weight::::::ge::2', 0);
INSERT INTO `rule_target` ( `id`, `group_id`, `include_flag`, `required_flag`, `method`, `value`, `interval` ) VALUES ('rule_wt_assess_couns_child', 1, 1, 1, 'target_database', '::form_vitals::weight::::::ge::1', 0);
INSERT INTO `rule_target` ( `id`, `group_id`, `include_flag`, `required_flag`, `method`, `value`, `interval` ) VALUES ('rule_wt_assess_couns_child', 2, 1, 1, 'target_database', 'CUSTOM::act_cat_edu::act_wt::YES::ge::1', 0);
INSERT INTO `rule_target` ( `id`, `group_id`, `include_flag`, `required_flag`, `method`, `value`, `interval` ) VALUES ('rule_influenza_ge_50', 1, 1, 1, 'target_interval', 'flu_season', 1);
INSERT INTO `rule_target` ( `id`, `group_id`, `include_flag`, `required_flag`, `method`, `value`, `interval` ) VALUES ('rule_influenza_ge_50', 1, 1, 0, 'target_database', '::immunizations::immunization_id::eq::30::ge::1', 0);
INSERT INTO `rule_target` ( `id`, `group_id`, `include_flag`, `required_flag`, `method`, `value`, `interval` ) VALUES ('rule_influenza_ge_50', 1, 1, 0, 'target_database', '::immunizations::immunization_id::eq::31::ge::1', 0);
INSERT INTO `rule_target` ( `id`, `group_id`, `include_flag`, `required_flag`, `method`, `value`, `interval` ) VALUES ('rule_pneumovacc_ge_65', 1, 1, 0, 'target_database', '::immunizations::immunization_id::eq::19::ge::1', 0);
INSERT INTO `rule_target` ( `id`, `group_id`, `include_flag`, `required_flag`, `method`, `value`, `interval` ) VALUES ('rule_pneumovacc_ge_65', 1, 1, 0, 'target_database', '::immunizations::immunization_id::eq::20::ge::1', 0);
INSERT INTO `rule_target` ( `id`, `group_id`, `include_flag`, `required_flag`, `method`, `value`, `interval` ) VALUES ('rule_pneumovacc_ge_65', 1, 1, 0, 'target_database', '::immunizations::immunization_id::eq::21::ge::1', 0);
INSERT INTO `rule_target` ( `id`, `group_id`, `include_flag`, `required_flag`, `method`, `value`, `interval` ) VALUES ('rule_pneumovacc_ge_65', 1, 1, 0, 'target_database', '::immunizations::immunization_id::eq::22::ge::1', 0);
INSERT INTO `rule_target` ( `id`, `group_id`, `include_flag`, `required_flag`, `method`, `value`, `interval` ) VALUES ('rule_dm_hemo_a1c', 1, 1, 1, 'target_interval', 'month', 3);
INSERT INTO `rule_target` ( `id`, `group_id`, `include_flag`, `required_flag`, `method`, `value`, `interval` ) VALUES ('rule_dm_hemo_a1c', 1, 1, 1, 'target_database', 'CUSTOM::act_cat_measure::act_hemo_a1c::YES::ge::1', 0);
INSERT INTO `rule_target` ( `id`, `group_id`, `include_flag`, `required_flag`, `method`, `value`, `interval` ) VALUES ('rule_dm_urine_alb', 1, 1, 1, 'target_interval', 'year', 1);
INSERT INTO `rule_target` ( `id`, `group_id`, `include_flag`, `required_flag`, `method`, `value`, `interval` ) VALUES ('rule_dm_urine_alb', 1, 1, 1, 'target_database', 'CUSTOM::act_cat_measure::act_urine_alb::YES::ge::1', 0);
INSERT INTO `rule_target` ( `id`, `group_id`, `include_flag`, `required_flag`, `method`, `value`, `interval` ) VALUES ('rule_dm_eye', 1, 1, 1, 'target_interval', 'year', 1);
INSERT INTO `rule_target` ( `id`, `group_id`, `include_flag`, `required_flag`, `method`, `value`, `interval` ) VALUES ('rule_dm_eye', 1, 1, 1, 'target_database', 'CUSTOM::act_cat_exam::act_eye::YES::ge::1', 0);
INSERT INTO `rule_target` ( `id`, `group_id`, `include_flag`, `required_flag`, `method`, `value`, `interval` ) VALUES ('rule_dm_foot', 1, 1, 1, 'target_interval', 'year', 1);
INSERT INTO `rule_target` ( `id`, `group_id`, `include_flag`, `required_flag`, `method`, `value`, `interval` ) VALUES ('rule_dm_foot', 1, 1, 1, 'target_database', 'CUSTOM::act_cat_exam::act_foot::YES::ge::1', 0);
INSERT INTO `rule_target` ( `id`, `group_id`, `include_flag`, `required_flag`, `method`, `value`, `interval` ) VALUES ('rule_cs_mammo', 1, 1, 1, 'target_interval', 'year', 1);
INSERT INTO `rule_target` ( `id`, `group_id`, `include_flag`, `required_flag`, `method`, `value`, `interval` ) VALUES ('rule_cs_mammo', 1, 1, 1, 'target_database', 'CUSTOM::act_cat_measure::act_mammo::YES::ge::1', 0);
INSERT INTO `rule_target` ( `id`, `group_id`, `include_flag`, `required_flag`, `method`, `value`, `interval` ) VALUES ('rule_cs_pap', 1, 1, 1, 'target_interval', 'year', 1);
INSERT INTO `rule_target` ( `id`, `group_id`, `include_flag`, `required_flag`, `method`, `value`, `interval` ) VALUES ('rule_cs_pap', 1, 1, 1, 'target_database', 'CUSTOM::act_cat_exam::act_pap::YES::ge::1', 0);
INSERT INTO `rule_target` ( `id`, `group_id`, `include_flag`, `required_flag`, `method`, `value`, `interval` ) VALUES ('rule_cs_colon', 1, 1, 1, 'target_database', 'CUSTOM::act_cat_assess::act_colon_cancer_screen::YES::ge::1', 0);
INSERT INTO `rule_target` ( `id`, `group_id`, `include_flag`, `required_flag`, `method`, `value`, `interval` ) VALUES ('rule_cs_prostate', 1, 1, 1, 'target_database', 'CUSTOM::act_cat_assess::act_prostate_cancer_screen::YES::ge::1', 0);
INSERT INTO `rule_target` ( `id`, `group_id`, `include_flag`, `required_flag`, `method`, `value`, `interval` ) VALUES ('rule_inr_monitor', 1, 1, 1, 'target_interval', 'week', 3);
INSERT INTO `rule_target` ( `id`, `group_id`, `include_flag`, `required_flag`, `method`, `value`, `interval` ) VALUES ('rule_inr_monitor', 1, 1, 1, 'target_proc', 'INR::::::::ge::1', 0);
#EndIf

#IfNotRow2D list_options list_id lists option_id clinical_plans
INSERT INTO `list_options` ( `list_id`, `option_id`, `title`, `seq`, `is_default` ) VALUES ('lists' ,'clinical_plans','Clinical Plans', 3, 0);
INSERT INTO `list_options` ( `list_id`, `option_id`, `title`, `seq`, `is_default` ) VALUES ('clinical_plans', 'dm_plan_cqm', 'Diabetes Mellitus', 5, 0);
INSERT INTO `list_options` ( `list_id`, `option_id`, `title`, `seq`, `is_default` ) VALUES ('clinical_plans', 'ckd_plan_cqm', 'Chronic Kidney Disease (CKD)', 10, 0);
INSERT INTO `list_options` ( `list_id`, `option_id`, `title`, `seq`, `is_default` ) VALUES ('clinical_plans', 'prevent_plan_cqm', 'Preventative Care', 15, 0);
INSERT INTO `list_options` ( `list_id`, `option_id`, `title`, `seq`, `is_default` ) VALUES ('clinical_plans', 'periop_plan_cqm', 'Perioperative Care', 20, 0);
INSERT INTO `list_options` ( `list_id`, `option_id`, `title`, `seq`, `is_default` ) VALUES ('clinical_plans', 'rheum_arth_plan_cqm', 'Rheumatoid Arthritis', 25, 0);
INSERT INTO `list_options` ( `list_id`, `option_id`, `title`, `seq`, `is_default` ) VALUES ('clinical_plans', 'back_pain_plan_cqm', 'Back Pain', 30, 0);
INSERT INTO `list_options` ( `list_id`, `option_id`, `title`, `seq`, `is_default` ) VALUES ('clinical_plans', 'cabg_plan_cqm', 'Coronary Artery Bypass Graft (CABG)', 35, 0);
INSERT INTO `list_options` ( `list_id`, `option_id`, `title`, `seq`, `is_default` ) VALUES ('clinical_plans', 'dm_plan', 'Diabetes Mellitus', 500, 0);
INSERT INTO `list_options` ( `list_id`, `option_id`, `title`, `seq`, `is_default` ) VALUES ('clinical_plans', 'prevent_plan', 'Preventative Care', 510, 0);
#EndIf

#IfNotRow2D list_options list_id lists option_id clinical_rules
INSERT INTO `list_options` ( `list_id`, `option_id`, `title`, `seq`, `is_default` ) VALUES ('lists' ,'clinical_rules','Clinical Rules', 3, 0);
INSERT INTO `list_options` ( `list_id`, `option_id`, `title`, `seq`, `is_default` ) VALUES ('clinical_rules', 'problem_list_amc', 'Maintain an up-to-date problem list of current and active diagnoses.', 5, 0);
INSERT INTO `list_options` ( `list_id`, `option_id`, `title`, `seq`, `is_default` ) VALUES ('clinical_rules', 'med_list_amc', 'Maintain active medication list.', 10, 0);
INSERT INTO `list_options` ( `list_id`, `option_id`, `title`, `seq`, `is_default` ) VALUES ('clinical_rules', 'med_allergy_list_amc', 'Maintain active medication allergy list.', 15, 0);
INSERT INTO `list_options` ( `list_id`, `option_id`, `title`, `seq`, `is_default` ) VALUES ('clinical_rules', 'record_vitals_amc', 'Record and chart changes in vital signs.', 20, 0);
INSERT INTO `list_options` ( `list_id`, `option_id`, `title`, `seq`, `is_default` ) VALUES ('clinical_rules', 'record_smoke_amc', 'Record smoking status for patients 13 years old or older.', 25, 0);
INSERT INTO `list_options` ( `list_id`, `option_id`, `title`, `seq`, `is_default` ) VALUES ('clinical_rules', 'lab_result_amc', 'Incorporate clinical lab-test results into certified EHR technology as structured data.', 30, 0);
INSERT INTO `list_options` ( `list_id`, `option_id`, `title`, `seq`, `is_default` ) VALUES ('clinical_rules', 'med_reconc_amc', 'The EP, eligible hospital or CAH who receives a patient from another setting of care or provider of care or believes an encounter is relevant should perform medication reconciliation.', 35, 0);
INSERT INTO `list_options` ( `list_id`, `option_id`, `title`, `seq`, `is_default` ) VALUES ('clinical_rules', 'patient_edu_amc', 'Use certified EHR technology to identify patient-specific education resources and provide those resources to the patient if appropriate.', 40, 0);
INSERT INTO `list_options` ( `list_id`, `option_id`, `title`, `seq`, `is_default` ) VALUES ('clinical_rules', 'cpoe_med_amc', 'Use CPOE for medication orders directly entered by any licensed healthcare professional who can enter orders into the medical record per state, local and professional guidelines.', 45, 0);
INSERT INTO `list_options` ( `list_id`, `option_id`, `title`, `seq`, `is_default` ) VALUES ('clinical_rules', 'e_prescribe_amc', 'Generate and transmit permissible prescriptions electronically.', 50, 0);
INSERT INTO `list_options` ( `list_id`, `option_id`, `title`, `seq`, `is_default` ) VALUES ('clinical_rules', 'record_dem_amc', 'Record demographics.', 55, 0);
INSERT INTO `list_options` ( `list_id`, `option_id`, `title`, `seq`, `is_default` ) VALUES ('clinical_rules', 'send_reminder_amc', 'Send reminders to patients per patient preference for preventive/follow up care.', 60, 0);
INSERT INTO `list_options` ( `list_id`, `option_id`, `title`, `seq`, `is_default` ) VALUES ('clinical_rules', 'provide_rec_pat_amc', 'Provide patients with an electronic copy of their health information (including diagnostic test results, problem list, medication lists, medication allergies), upon request.', 65, 0);
INSERT INTO `list_options` ( `list_id`, `option_id`, `title`, `seq`, `is_default` ) VALUES ('clinical_rules', 'timely_access_amc', 'Provide patients with timely electronic access to their health information (including lab results, problem list, medication lists, medication allergies) within four business days of the information being available to the EP.', 70, 0);
INSERT INTO `list_options` ( `list_id`, `option_id`, `title`, `seq`, `is_default` ) VALUES ('clinical_rules', 'provide_sum_pat_amc', 'Provide clinical summaries for patients for each office visit.', 75, 0);
INSERT INTO `list_options` ( `list_id`, `option_id`, `title`, `seq`, `is_default` ) VALUES ('clinical_rules', 'send_sum_amc', 'The EP, eligible hospital or CAH who transitions their patient to another setting of care or provider of care or refers their patient to another provider of care should provide summary of care record for each transition of care or referral.', 80, 0);
INSERT INTO `list_options` ( `list_id`, `option_id`, `title`, `seq`, `is_default` ) VALUES ('clinical_rules', 'rule_htn_bp_measure_cqm', 'Hypertension: Blood Pressure Measurement (CQM)', 200, 0);
INSERT INTO `list_options` ( `list_id`, `option_id`, `title`, `seq`, `is_default` ) VALUES ('clinical_rules', 'rule_tob_use_assess_cqm', 'Tobacco Use Assessment (CQM)', 205, 0);
INSERT INTO `list_options` ( `list_id`, `option_id`, `title`, `seq`, `is_default` ) VALUES ('clinical_rules', 'rule_tob_cess_inter_cqm', 'Tobacco Cessation Intervention (CQM)', 210, 0);
INSERT INTO `list_options` ( `list_id`, `option_id`, `title`, `seq`, `is_default` ) VALUES ('clinical_rules', 'rule_adult_wt_screen_fu_cqm', 'Adult Weight Screening and Follow-Up (CQM)', 220, 0);
INSERT INTO `list_options` ( `list_id`, `option_id`, `title`, `seq`, `is_default` ) VALUES ('clinical_rules', 'rule_wt_assess_couns_child_cqm', 'Weight Assessment and Counseling for Children and Adolescents (CQM)', 230, 0);
INSERT INTO `list_options` ( `list_id`, `option_id`, `title`, `seq`, `is_default` ) VALUES ('clinical_rules', 'rule_influenza_ge_50_cqm', 'Influenza Immunization for Patients >= 50 Years Old (CQM)', 240, 0);
INSERT INTO `list_options` ( `list_id`, `option_id`, `title`, `seq`, `is_default` ) VALUES ('clinical_rules', 'rule_child_immun_stat_cqm', 'Childhood immunization Status (CQM)', 250, 0);
INSERT INTO `list_options` ( `list_id`, `option_id`, `title`, `seq`, `is_default` ) VALUES ('clinical_rules', 'rule_pneumovacc_ge_65_cqm', 'Pneumonia Vaccination Status for Older Adults (CQM)', 260, 0);
INSERT INTO `list_options` ( `list_id`, `option_id`, `title`, `seq`, `is_default` ) VALUES ('clinical_rules', 'rule_dm_eye_cqm', 'Diabetes: Eye Exam (CQM)', 270, 0);
INSERT INTO `list_options` ( `list_id`, `option_id`, `title`, `seq`, `is_default` ) VALUES ('clinical_rules', 'rule_dm_foot_cqm', 'Diabetes: Foot Exam (CQM)', 280, 0);
INSERT INTO `list_options` ( `list_id`, `option_id`, `title`, `seq`, `is_default` ) VALUES ('clinical_rules', 'rule_dm_bp_control_cqm', 'Diabetes: Blood Pressure Management (CQM)', 290, 0);
INSERT INTO `list_options` ( `list_id`, `option_id`, `title`, `seq`, `is_default` ) VALUES ('clinical_rules', 'rule_htn_bp_measure', 'Hypertension: Blood Pressure Measurement', 500, 0);
INSERT INTO `list_options` ( `list_id`, `option_id`, `title`, `seq`, `is_default` ) VALUES ('clinical_rules', 'rule_tob_use_assess', 'Tobacco Use Assessment', 510, 0);
INSERT INTO `list_options` ( `list_id`, `option_id`, `title`, `seq`, `is_default` ) VALUES ('clinical_rules', 'rule_tob_cess_inter', 'Tobacco Cessation Intervention', 520, 0);
INSERT INTO `list_options` ( `list_id`, `option_id`, `title`, `seq`, `is_default` ) VALUES ('clinical_rules', 'rule_adult_wt_screen_fu', 'Adult Weight Screening and Follow-Up', 530, 0);
INSERT INTO `list_options` ( `list_id`, `option_id`, `title`, `seq`, `is_default` ) VALUES ('clinical_rules', 'rule_wt_assess_couns_child', 'Weight Assessment and Counseling for Children and Adolescents', 540, 0);
INSERT INTO `list_options` ( `list_id`, `option_id`, `title`, `seq`, `is_default` ) VALUES ('clinical_rules', 'rule_influenza_ge_50', 'Influenza Immunization for Patients >= 50 Years Old', 550, 0);
INSERT INTO `list_options` ( `list_id`, `option_id`, `title`, `seq`, `is_default` ) VALUES ('clinical_rules', 'rule_pneumovacc_ge_65', 'Pneumonia Vaccination Status for Older Adults', 570, 0);
INSERT INTO `list_options` ( `list_id`, `option_id`, `title`, `seq`, `is_default` ) VALUES ('clinical_rules', 'rule_dm_hemo_a1c', 'Diabetes: Hemoglobin A1C', 570, 0);
INSERT INTO `list_options` ( `list_id`, `option_id`, `title`, `seq`, `is_default` ) VALUES ('clinical_rules', 'rule_dm_urine_alb', 'Diabetes: Urine Microalbumin', 590, 0);
INSERT INTO `list_options` ( `list_id`, `option_id`, `title`, `seq`, `is_default` ) VALUES ('clinical_rules', 'rule_dm_eye', 'Diabetes: Eye Exam', 600, 0);
INSERT INTO `list_options` ( `list_id`, `option_id`, `title`, `seq`, `is_default` ) VALUES ('clinical_rules', 'rule_dm_foot', 'Diabetes: Foot Exam', 610, 0);
INSERT INTO `list_options` ( `list_id`, `option_id`, `title`, `seq`, `is_default` ) VALUES ('clinical_rules', 'rule_cs_mammo', 'Cancer Screening: Mammogram', 620, 0);
INSERT INTO `list_options` ( `list_id`, `option_id`, `title`, `seq`, `is_default` ) VALUES ('clinical_rules', 'rule_cs_pap', 'Cancer Screening: Pap Smear', 630, 0);
INSERT INTO `list_options` ( `list_id`, `option_id`, `title`, `seq`, `is_default` ) VALUES ('clinical_rules', 'rule_cs_colon', 'Cancer Screening: Colon Cancer Screening', 640, 0);
INSERT INTO `list_options` ( `list_id`, `option_id`, `title`, `seq`, `is_default` ) VALUES ('clinical_rules', 'rule_cs_prostate', 'Cancer Screening: Prostate Cancer Screening', 650, 0);
INSERT INTO `list_options` ( `list_id`, `option_id`, `title`, `seq`, `is_default` ) VALUES ('clinical_rules', 'rule_inr_monitor', 'Coumadin Management - INR Monitoring', 1000, 0);
INSERT INTO `list_options` ( `list_id`, `option_id`, `title`, `seq`, `is_default` ) VALUES ('clinical_rules', 'rule_appt_reminder', 'Appointment Reminder Rule', 2000, 0);
#EndIf

#IfNotRow2D list_options list_id lists option_id rule_targets
INSERT INTO `list_options` ( `list_id`, `option_id`, `title`, `seq`, `is_default` ) VALUES ('lists' ,'rule_targets', 'Clinical Rule Target Methods', 3, 0);
INSERT INTO `list_options` ( `list_id`, `option_id`, `title`, `seq`, `is_default` ) VALUES ('rule_targets' ,'target_database', 'Database', 10, 0);
INSERT INTO `list_options` ( `list_id`, `option_id`, `title`, `seq`, `is_default` ) VALUES ('rule_targets' ,'target_interval', 'Interval', 20, 0);
INSERT INTO `list_options` ( `list_id`, `option_id`, `title`, `seq`, `is_default` ) VALUES ('rule_targets' ,'target_proc', 'Procedure', 20, 0);
#EndIf

#IfNotRow2D list_options list_id lists option_id rule_target_intervals
INSERT INTO `list_options` ( `list_id`, `option_id`, `title`, `seq`, `is_default` ) VALUES ('lists' ,'rule_target_intervals', 'Clinical Rules Target Intervals', 3, 0);
INSERT INTO `list_options` ( `list_id`, `option_id`, `title`, `seq`, `is_default` ) VALUES ('rule_target_intervals' ,'year', 'Year', 10, 0);
INSERT INTO `list_options` ( `list_id`, `option_id`, `title`, `seq`, `is_default` ) VALUES ('rule_target_intervals' ,'month', 'Month', 20, 0);
INSERT INTO `list_options` ( `list_id`, `option_id`, `title`, `seq`, `is_default` ) VALUES ('rule_target_intervals' ,'week', 'Week', 30, 0);
INSERT INTO `list_options` ( `list_id`, `option_id`, `title`, `seq`, `is_default` ) VALUES ('rule_target_intervals' ,'day', 'Day', 40, 0);
INSERT INTO `list_options` ( `list_id`, `option_id`, `title`, `seq`, `is_default` ) VALUES ('rule_target_intervals' ,'hour', 'Hour', 50, 0);
INSERT INTO `list_options` ( `list_id`, `option_id`, `title`, `seq`, `is_default` ) VALUES ('rule_target_intervals' ,'minute', 'Minute', 60, 0);
INSERT INTO `list_options` ( `list_id`, `option_id`, `title`, `seq`, `is_default` ) VALUES ('rule_target_intervals' ,'second', 'Second', 70, 0);
INSERT INTO `list_options` ( `list_id`, `option_id`, `title`, `seq`, `is_default` ) VALUES ('rule_target_intervals' ,'flu_season', 'Flu Season', 80, 0);
#EndIf

#IfNotRow2D list_options list_id lists option_id rule_comparisons
INSERT INTO `list_options` ( `list_id`, `option_id`, `title`, `seq`, `is_default` ) VALUES ('lists' ,'rule_comparisons', 'Clinical Rules Comparisons', 3, 0);
INSERT INTO `list_options` ( `list_id`, `option_id`, `title`, `seq`, `is_default` ) VALUES ('rule_comparisons' ,'EXIST', 'Exist', 10, 0);
INSERT INTO `list_options` ( `list_id`, `option_id`, `title`, `seq`, `is_default` ) VALUES ('rule_comparisons' ,'lt', 'Less Than', 20, 0);
INSERT INTO `list_options` ( `list_id`, `option_id`, `title`, `seq`, `is_default` ) VALUES ('rule_comparisons' ,'le', 'Less Than or Equal To', 30, 0);
INSERT INTO `list_options` ( `list_id`, `option_id`, `title`, `seq`, `is_default` ) VALUES ('rule_comparisons' ,'gt', 'Greater Than', 40, 0);
INSERT INTO `list_options` ( `list_id`, `option_id`, `title`, `seq`, `is_default` ) VALUES ('rule_comparisons' ,'ge', 'Greater Than or Equal To', 50, 0);
#EndIf

#IfNotRow2D list_options list_id lists option_id rule_filters
INSERT INTO `list_options` ( `list_id`, `option_id`, `title`, `seq`, `is_default` ) VALUES ('lists' ,'rule_filters','Clinical Rule Filter Methods', 3, 0);
INSERT INTO `list_options` ( `list_id`, `option_id`, `title`, `seq`, `is_default` ) VALUES ('rule_filters', 'filt_database', 'Database', 10, 0);
INSERT INTO `list_options` ( `list_id`, `option_id`, `title`, `seq`, `is_default` ) VALUES ('rule_filters', 'filt_diagnosis', 'Diagnosis', 20, 0);
INSERT INTO `list_options` ( `list_id`, `option_id`, `title`, `seq`, `is_default` ) VALUES ('rule_filters', 'filt_sex', 'Gender', 30, 0);
INSERT INTO `list_options` ( `list_id`, `option_id`, `title`, `seq`, `is_default` ) VALUES ('rule_filters', 'filt_age_max', 'Maximum Age', 40, 0);
INSERT INTO `list_options` ( `list_id`, `option_id`, `title`, `seq`, `is_default` ) VALUES ('rule_filters', 'filt_age_min', 'Minimum Age', 50, 0);
#EndIf

#IfNotRow2D list_options list_id lists option_id rule_age_intervals
INSERT INTO `list_options` ( `list_id`, `option_id`, `title`, `seq`, `is_default` ) VALUES ('lists' ,'rule_age_intervals', 'Clinical Rules Age Intervals', 3, 0);
INSERT INTO `list_options` ( `list_id`, `option_id`, `title`, `seq`, `is_default` ) VALUES ('rule_age_intervals' ,'year', 'Year', 10, 0);
INSERT INTO `list_options` ( `list_id`, `option_id`, `title`, `seq`, `is_default` ) VALUES ('rule_age_intervals' ,'month', 'Month', 20, 0);
#EndIf

#IfNotRow2D list_options list_id lists option_id rule_enc_types
INSERT INTO `list_options` ( `list_id`, `option_id`, `title`, `seq`, `is_default` ) VALUES ('lists' ,'rule_enc_types', 'Clinical Rules Encounter Types', 3, 0);
INSERT INTO `list_options` ( `list_id`, `option_id`, `title`, `seq`, `is_default` ) VALUES ('rule_enc_types' ,'enc_outpatient', 'encounter outpatient', 10, 0);
INSERT INTO `list_options` ( `list_id`, `option_id`, `title`, `seq`, `is_default` ) VALUES ('rule_enc_types' ,'enc_nurs_fac', 'encounter nursing facility', 20, 0);
INSERT INTO `list_options` ( `list_id`, `option_id`, `title`, `seq`, `is_default` ) VALUES ('rule_enc_types' ,'enc_off_vis', 'encounter office visit', 30, 0);
INSERT INTO `list_options` ( `list_id`, `option_id`, `title`, `seq`, `is_default` ) VALUES ('rule_enc_types' ,'enc_hea_and_beh', 'encounter health and behavior assessment', 40, 0);
INSERT INTO `list_options` ( `list_id`, `option_id`, `title`, `seq`, `is_default` ) VALUES ('rule_enc_types' ,'enc_occ_ther', 'encounter occupational therapy', 50, 0);
INSERT INTO `list_options` ( `list_id`, `option_id`, `title`, `seq`, `is_default` ) VALUES ('rule_enc_types' ,'enc_psych_and_psych', 'encounter psychiatric & psychologic', 60, 0);
INSERT INTO `list_options` ( `list_id`, `option_id`, `title`, `seq`, `is_default` ) VALUES ('rule_enc_types' ,'enc_pre_med_ser_18_older', 'encounter preventive medicine services 18 and older', 70, 0);
INSERT INTO `list_options` ( `list_id`, `option_id`, `title`, `seq`, `is_default` ) VALUES ('rule_enc_types' ,'enc_pre_ind_counsel', 'encounter preventive medicine - individual counseling', 80, 0);
INSERT INTO `list_options` ( `list_id`, `option_id`, `title`, `seq`, `is_default` ) VALUES ('rule_enc_types' ,'enc_pre_med_group_counsel', 'encounter preventive medicine group counseling', 90, 0);
INSERT INTO `list_options` ( `list_id`, `option_id`, `title`, `seq`, `is_default` ) VALUES ('rule_enc_types' ,'enc_pre_med_other_serv', 'encounter preventive medicine other services', 100, 0);
INSERT INTO `list_options` ( `list_id`, `option_id`, `title`, `seq`, `is_default` ) VALUES ('rule_enc_types' ,'enc_out_pcp_obgyn', 'encounter outpatient w/PCP & obgyn', 110, 0);
INSERT INTO `list_options` ( `list_id`, `option_id`, `title`, `seq`, `is_default` ) VALUES ('rule_enc_types' ,'enc_pregnancy', 'encounter pregnancy', 120, 0);
INSERT INTO `list_options` ( `list_id`, `option_id`, `title`, `seq`, `is_default` ) VALUES ('rule_enc_types' ,'enc_nurs_discharge', 'encounter nursing discharge', 130, 0);
INSERT INTO `list_options` ( `list_id`, `option_id`, `title`, `seq`, `is_default` ) VALUES ('rule_enc_types' ,'enc_acute_inp_or_ed', 'encounter acute inpatient or ED', 130, 0);
INSERT INTO `list_options` ( `list_id`, `option_id`, `title`, `seq`, `is_default` ) VALUES ('rule_enc_types' ,'enc_nonac_inp_out_or_opth', 'Encounter: encounter non-acute inpt, outpatient, or ophthalmology', 140, 0);
#EndIf

#IfNotRow2D list_options list_id lists option_id rule_action_category
INSERT INTO `list_options` ( `list_id`, `option_id`, `title`, `seq`, `is_default` ) VALUES ('lists' ,'rule_action_category', 'Clinical Rule Action Category', 3, 0);
INSERT INTO `list_options` ( `list_id`, `option_id`, `title`, `seq`, `is_default` ) VALUES ('rule_action_category' ,'act_cat_assess', 'Assessment', 10, 0);
INSERT INTO `list_options` ( `list_id`, `option_id`, `title`, `seq`, `is_default` ) VALUES ('rule_action_category' ,'act_cat_edu', 'Education', 20, 0);
INSERT INTO `list_options` ( `list_id`, `option_id`, `title`, `seq`, `is_default` ) VALUES ('rule_action_category' ,'act_cat_exam', 'Examination', 30, 0);
INSERT INTO `list_options` ( `list_id`, `option_id`, `title`, `seq`, `is_default` ) VALUES ('rule_action_category' ,'act_cat_inter', 'Intervention', 40, 0);
INSERT INTO `list_options` ( `list_id`, `option_id`, `title`, `seq`, `is_default` ) VALUES ('rule_action_category' ,'act_cat_measure', 'Measurement', 50, 0);
INSERT INTO `list_options` ( `list_id`, `option_id`, `title`, `seq`, `is_default` ) VALUES ('rule_action_category' ,'act_cat_treat', 'Treatment', 60, 0);
INSERT INTO `list_options` ( `list_id`, `option_id`, `title`, `seq`, `is_default` ) VALUES ('rule_action_category' ,'act_cat_remind', 'Reminder', 70, 0);
#EndIf

#IfNotRow2D list_options list_id lists option_id rule_action
INSERT INTO `list_options` ( `list_id`, `option_id`, `title`, `seq`, `is_default` ) VALUES ('lists' ,'rule_action', 'Clinical Rule Action Item', 3, 0);
INSERT INTO `list_options` ( `list_id`, `option_id`, `title`, `seq`, `is_default` ) VALUES ('rule_action' ,'act_bp', 'Blood Pressure', 10, 0);
INSERT INTO `list_options` ( `list_id`, `option_id`, `title`, `seq`, `is_default` ) VALUES ('rule_action' ,'act_influvacc', 'Influenza Vaccine', 20, 0);
INSERT INTO `list_options` ( `list_id`, `option_id`, `title`, `seq`, `is_default` ) VALUES ('rule_action' ,'act_tobacco', 'Tobacco', 30, 0);
INSERT INTO `list_options` ( `list_id`, `option_id`, `title`, `seq`, `is_default` ) VALUES ('rule_action' ,'act_wt', 'Weight', 40, 0);
INSERT INTO `list_options` ( `list_id`, `option_id`, `title`, `seq`, `is_default` ) VALUES ('rule_action' ,'act_pneumovacc', 'Pneumococcal Vaccine', 60, 0);
INSERT INTO `list_options` ( `list_id`, `option_id`, `title`, `seq`, `is_default` ) VALUES ('rule_action' ,'act_hemo_a1c', 'Hemoglobin A1C', 70, 0);
INSERT INTO `list_options` ( `list_id`, `option_id`, `title`, `seq`, `is_default` ) VALUES ('rule_action' ,'act_urine_alb', 'Urine Microalbumin', 80, 0);
INSERT INTO `list_options` ( `list_id`, `option_id`, `title`, `seq`, `is_default` ) VALUES ('rule_action' ,'act_eye', 'Opthalmic', 90, 0);
INSERT INTO `list_options` ( `list_id`, `option_id`, `title`, `seq`, `is_default` ) VALUES ('rule_action' ,'act_foot', 'Podiatric', 100, 0);
INSERT INTO `list_options` ( `list_id`, `option_id`, `title`, `seq`, `is_default` ) VALUES ('rule_action' ,'act_mammo', 'Mammogram', 110, 0);
INSERT INTO `list_options` ( `list_id`, `option_id`, `title`, `seq`, `is_default` ) VALUES ('rule_action' ,'act_pap', 'Pap Smear', 120, 0);
INSERT INTO `list_options` ( `list_id`, `option_id`, `title`, `seq`, `is_default` ) VALUES ('rule_action' ,'act_colon_cancer_screen', 'Colon Cancer Screening', 130, 0);
INSERT INTO `list_options` ( `list_id`, `option_id`, `title`, `seq`, `is_default` ) VALUES ('rule_action' ,'act_prostate_cancer_screen', 'Prostate Cancer Screening', 140, 0);
INSERT INTO `list_options` ( `list_id`, `option_id`, `title`, `seq`, `is_default` ) VALUES ('rule_action' ,'act_lab_inr', 'INR', 150, 0);
INSERT INTO `list_options` ( `list_id`, `option_id`, `title`, `seq`, `is_default` ) VALUES ('rule_action' ,'act_appointment', 'Appointment', 160, 0);
#EndIf

#IfNotRow2D list_options list_id lists option_id rule_reminder_intervals
INSERT INTO `list_options` ( `list_id`, `option_id`, `title`, `seq`, `is_default` ) VALUES ('lists' ,'rule_reminder_intervals', 'Clinical Rules Reminder Intervals', 3, 0);
INSERT INTO `list_options` ( `list_id`, `option_id`, `title`, `seq`, `is_default` ) VALUES ('rule_reminder_intervals' ,'month', 'Month', 10, 0);
INSERT INTO `list_options` ( `list_id`, `option_id`, `title`, `seq`, `is_default` ) VALUES ('rule_reminder_intervals' ,'week', 'Week', 20, 0);
#EndIf

#IfNotRow2D list_options list_id lists option_id rule_reminder_methods
INSERT INTO `list_options` ( `list_id`, `option_id`, `title`, `seq`, `is_default` ) VALUES ('lists' ,'rule_reminder_methods', 'Clinical Rules Reminder Methods', 3, 0);
INSERT INTO `list_options` ( `list_id`, `option_id`, `title`, `seq`, `is_default` ) VALUES ('rule_reminder_methods' ,'clinical_reminder_pre', 'Past Due Interval (Clinical Reminders)', 10, 0);
INSERT INTO `list_options` ( `list_id`, `option_id`, `title`, `seq`, `is_default` ) VALUES ('rule_reminder_methods' ,'patient_reminder_pre', 'Past Due Interval (Patient Reminders)', 20, 0);
INSERT INTO `list_options` ( `list_id`, `option_id`, `title`, `seq`, `is_default` ) VALUES ('rule_reminder_methods' ,'clinical_reminder_post', 'Soon Due Interval (Clinical Reminders)', 30, 0);
INSERT INTO `list_options` ( `list_id`, `option_id`, `title`, `seq`, `is_default` ) VALUES ('rule_reminder_methods' ,'patient_reminder_post', 'Soon Due Interval (Patient Reminders)', 40, 0);
#EndIf

#IfNotRow2D list_options list_id lists option_id rule_reminder_due_opt
INSERT INTO `list_options` ( `list_id`, `option_id`, `title`, `seq`, `is_default` ) VALUES ('lists' ,'rule_reminder_due_opt', 'Clinical Rules Reminder Due Options', 3, 0);
INSERT INTO `list_options` ( `list_id`, `option_id`, `title`, `seq`, `is_default` ) VALUES ('rule_reminder_due_opt' ,'due', 'Due', 10, 0);
INSERT INTO `list_options` ( `list_id`, `option_id`, `title`, `seq`, `is_default` ) VALUES ('rule_reminder_due_opt' ,'soon_due', 'Due Soon', 20, 0);
INSERT INTO `list_options` ( `list_id`, `option_id`, `title`, `seq`, `is_default` ) VALUES ('rule_reminder_due_opt' ,'past_due', 'Past Due', 30, 0);
INSERT INTO `list_options` ( `list_id`, `option_id`, `title`, `seq`, `is_default` ) VALUES ('rule_reminder_due_opt' ,'not_due', 'Not Due', 30, 0);
#EndIf

#IfNotRow2D list_options list_id lists option_id rule_reminder_inactive_opt
INSERT INTO `list_options` ( `list_id`, `option_id`, `title`, `seq`, `is_default` ) VALUES ('lists' ,'rule_reminder_inactive_opt', 'Clinical Rules Reminder Inactivation Options', 3, 0);
INSERT INTO `list_options` ( `list_id`, `option_id`, `title`, `seq`, `is_default` ) VALUES ('rule_reminder_inactive_opt' ,'auto', 'Automatic', 10, 0);
INSERT INTO `list_options` ( `list_id`, `option_id`, `title`, `seq`, `is_default` ) VALUES ('rule_reminder_inactive_opt' ,'due_status_update', 'Due Status Update', 20, 0);
INSERT INTO `list_options` ( `list_id`, `option_id`, `title`, `seq`, `is_default` ) VALUES ('rule_reminder_inactive_opt' ,'manual', 'Manual', 20, 0);
#EndIf

#IfNotRow2D clinical_plans_rules plan_id dm_plan_cqm rule_id rule_dm_a1c_cqm
INSERT INTO `clinical_plans_rules` ( `plan_id`, `rule_id` ) VALUES ('dm_plan_cqm', 'rule_dm_a1c_cqm');
#EndIf

#IfNotRow clinical_rules id rule_dm_a1c_cqm
INSERT INTO `clinical_rules` ( `id`, `pid`, `active_alert_flag`, `passive_alert_flag`, `cqm_flag`, `cqm_nqf_code`, `cqm_pqri_code`, `amc_flag`, `amc_code`, `patient_reminder_flag` ) VALUES ('rule_dm_a1c_cqm', 0, 0, 0, 1, '0059', '1', 0, '', 0);
#EndIf

#IfNotRow2D list_options list_id clinical_rules option_id rule_dm_a1c_cqm
INSERT INTO `list_options` ( `list_id`, `option_id`, `title`, `seq`, `is_default` ) VALUES ('clinical_rules', 'rule_dm_a1c_cqm', 'Diabetes: HbA1c Poor Control (CQM)', 285, 0);
#EndIf

#IfNotRow2D clinical_plans_rules plan_id dm_plan_cqm rule_id rule_dm_ldl_cqm
INSERT INTO `clinical_plans_rules` ( `plan_id`, `rule_id` ) VALUES ('dm_plan_cqm', 'rule_dm_ldl_cqm');
#EndIf

#IfNotRow clinical_rules id rule_dm_ldl_cqm
INSERT INTO `clinical_rules` ( `id`, `pid`, `active_alert_flag`, `passive_alert_flag`, `cqm_flag`, `cqm_nqf_code`, `cqm_pqri_code`, `amc_flag`, `amc_code`, `patient_reminder_flag` ) VALUES ('rule_dm_ldl_cqm', 0, 0, 0, 1, '0064', '2', 0, '', 0);
#EndIf

#IfNotRow2D list_options list_id clinical_rules option_id rule_dm_ldl_cqm
INSERT INTO `list_options` ( `list_id`, `option_id`, `title`, `seq`, `is_default` ) VALUES ('clinical_rules', 'rule_dm_ldl_cqm', 'Diabetes: LDL Management & Control (CQM)', 300, 0);
#EndIf

#IfMissingColumn form_encounter billing_facility
ALTER TABLE form_encounter ADD COLUMN billing_facility INTEGER;

update form_encounter set billing_facility = (SELECT id FROM facility ORDER BY billing_location DESC, id ASC LIMIT 1);
#EndIf

#IfMissingColumn facility color
ALTER TABLE facility ADD COLUMN color VARCHAR(7);
#EndIf

#IfMissingColumn openemr_postcalendar_events pc_billing_location
ALTER TABLE openemr_postcalendar_events ADD COLUMN pc_billing_location smallint(6);
#EndIf

#IfMissingColumn openemr_postcalendar_categories pc_cattype
ALTER TABLE `openemr_postcalendar_categories` ADD `pc_cattype` INT( 11 ) NOT NULL COMMENT 'Used in grouping categories';

UPDATE `openemr_postcalendar_categories` SET `pc_cattype`='1' WHERE `pc_catid`='4';
UPDATE `openemr_postcalendar_categories` SET `pc_cattype`='1' WHERE `pc_catid`='2';
UPDATE `openemr_postcalendar_categories` SET `pc_cattype`='1' WHERE `pc_catid`='3';
UPDATE `openemr_postcalendar_categories` SET `pc_cattype`='1' WHERE `pc_catid`='8';
UPDATE `openemr_postcalendar_categories` SET `pc_cattype`='1' WHERE `pc_catid`='11';
#EndIf


